year,stock_id,name,industry,start,end,ret,avg_vol,shape,peak_ret,giveback,peak_date,first_half,second_half,max_dd
2021,5227,立凱-KY,電子零組件業,16.1,98.0,5.08695652173913,1450906.0,全年階梯上漲,5.211180124223602,0.02,2021-12-28,0.5248447204968942,2.9918533604887982,-0.4678678678678678
2021,3141,晶宏,半導體業,42.5,255.0,5.0,2904401.5,全年階梯上漲,5.882352941176471,0.1282051282051282,2021-12-16,2.7411764705882353,0.6037735849056605,-0.39066339066339073
2021,3701,大眾控,電腦及週邊設備業,13.85,75.7,4.465703971119134,1557446.0,下半年主升段,5.67870036101083,0.1816216216216216,2021-12-01,0.22743682310469326,3.4529411764705884,-1.0
2021,3169,亞信,半導體業,59.2,277.0,3.679054054054054,5321352.0,年底創新高收斂,3.8986486486486482,0.04482758620689655,2021-12-06,2.1587837837837838,0.481283422459893,-0.5012285012285012
2021,1727,中華化,化學生技醫療,11.05,50.8,3.597285067873303,5885981.5,年底創新高收斂,4.18552036199095,0.11343804537521815,2021-11-10,0.434389140271493,2.2050473186119874,-0.2521489971346704
2021,3035,智原,電子工業,52.2,239.0,3.578544061302682,15316493.0,全年階梯上漲,3.7701149425287355,0.040160642570281124,2021-12-24,1.040229885057471,1.244131455399061,-0.2905349794238683
2021,6485,點序,半導體業,35.6,152.0,3.269662921348315,1870949.0,波段震盪上漲,4.23876404494382,0.18498659517426275,2021-08-05,2.539325842696629,0.20634920634920628,-0.47628205128205126
2021,6550,北極星藥業-KY,生技醫療業,17.45,73.7,3.2234957020057307,1049122.0,波段震盪上漲,3.6418338108882526,0.09012345679012342,2021-04-12,3.2693409742120343,-0.010738255033556965,-0.4135802469135802
2022,8996,高力,電機機械,63.5,188.0,1.9606299212598426,19984757.5,下半年主升段,1.9606299212598426,0.0,2022-12-30,-0.10393700787401572,2.304042179261863,-0.28510638297872337
2022,2743,山富,觀光餐旅,23.0,60.2,1.6173913043478263,1626654.0,波段震盪上漲,2.3521739130434782,0.219195849546044,2022-09-16,1.3304347826086955,0.12313432835820892,-0.39688715953307385
2022,3454,晶睿,電子工業,75.7,197.0,1.6023778071334214,7676739.0,下半年主升段,1.9722589167767501,0.12444444444444444,2022-12-08,0.02509907529722577,1.5386597938144333,-0.21192052980132448
2022,1795,美時,生技醫療業,96.5,246.0,1.549222797927461,10102841.0,年底創新高收斂,1.7927461139896375,0.08719851576994433,2022-12-05,0.44041450777202074,0.7697841726618706,-0.22493224932249323
2022,2305,全友,電腦及週邊設備業,10.15,25.55,1.5172413793103448,16510595.0,波段震盪上漲,2.5024630541871917,0.28129395218002806,2022-09-08,0.399014778325123,0.7992957746478875,-0.2925457102672292
2022,1760,寶齡富錦,生技醫療業,72.0,179.0,1.4861111111111112,9329896.5,全年階梯上漲,1.6388888888888888,0.05789473684210526,2022-12-23,0.6111111111111112,0.5431034482758621,-1.0
2022,8033,雷虎,其他,17.2,42.75,1.48546511627907,3781050.0,下半年主升段,1.7325581395348837,0.09042553191489362,2022-12-06,-0.011627906976744096,1.5147058823529411,-0.2620087336244542
2022,6472,保瑞,生技醫療業,181.0,414.5,1.2900552486187846,3456035.0,年底創新高收斂,1.5828729281767955,0.11336898395721925,2022-11-23,0.3121546961325967,0.7452631578947368,-0.26770538243626063
2023,1519,華城,電機機械,52.4,327.0,5.240458015267176,30103183.5,全年階梯上漲,6.00381679389313,0.10899182561307902,2023-12-08,2.16793893129771,0.9698795180722892,-0.2545757071547421
2023,6117,迎廣,電子工業,13.95,76.7,4.49820788530466,3806660.0,全年階梯上漲,4.60573476702509,0.01918158567774936,2023-12-22,0.8100358422939069,2.0376237623762377,-0.2791461412151067
2023,6276,安鈦克,電腦及週邊設備業,16.75,89.0,4.313432835820896,1057220.0,全年階梯上漲,5.358208955223881,0.1643192488262911,2023-12-25,2.146268656716418,0.6888045540796963,-0.32123411978221417
2023,3715,定穎投控,電子工業,16.3,86.5,4.306748466257669,6522173.0,全年階梯上漲,5.6871165644171775,0.20642201834862386,2023-12-01,0.8558282208588956,1.8595041322314048,-0.24368932038834945
2023,6139,亞翔,其他電子業,37.25,170.0,3.563758389261745,10152586.0,全年階梯上漲,3.5637583892617446,0.0,2023-12-29,0.9114093959731544,1.387640449438202,-0.14968152866242035
2023,4763,材料*-KY,化學生技醫療,195.5,798.0,3.081841432225064,4527683.0,波段震盪上漲,5.3171355498721224,0.35384615384615387,2023-10-16,2.473145780051151,0.17525773195876293,-0.3700404858299595
2023,3693,營邦,電腦及週邊設備業,112.0,441.0,2.9375,751279.0,波段震盪上漲,4.535714285714286,0.2887096774193548,2023-09-07,2.049107142857143,0.29136163982430463,-0.32741935483870965
2023,3661,世芯-KY,電子工業,855.0,3275.0,2.8304093567251463,4074729.5,全年階梯上漲,3.269005847953216,0.10273972602739725,2023-12-13,1.1520467836257309,0.7798913043478262,-0.18609865470852016
2024,8937,合騏*,其他,21.05,148.5,6.054631828978622,992798.5,下半年主升段,6.3871733966745845,0.04501607717041801,2024-11-20,0.22802850356294546,4.74468085106383,-1.0
2024,3230,錦明,光電業,9.42,61.4,5.518046709129512,2032334.0,全年階梯上漲,5.995753715498939,0.06828528072837643,2024-12-26,0.8259023354564756,2.5697674418604652,-0.31123388581952116
2024,4573,高明鐵,電機機械,14.3,82.5,4.769230769230769,750663.5,全年階梯上漲,4.9020979020979025,0.022511848341232293,2024-12-30,1.6678321678321675,1.1625163826998692,-0.4699115044247788
2024,8374,羅昇,電機機械,28.55,139.5,3.8861646234676006,1024063.5,波段震盪上漲,4.481611208406305,0.10862619808306709,2024-09-04,3.588441330998249,0.06488549618320616,-0.24242424242424243
2024,3450,聯鈞,電子工業,61.3,287.0,3.6818923327895594,11733145.5,全年階梯上漲,3.7471451876019577,0.013745704467353952,2024-12-27,1.34094616639478,1.0,-0.29391891891891897
2024,4583,台灣精銳,電機機械,210.0,929.0,3.4238095238095236,1844677.0,年底創新高收斂,3.6190476190476186,0.042268041237113405,2024-12-26,0.38809523809523805,2.1869639794168094,-0.21863799283154117
2024,4562,穎漢,電機機械,15.6,67.0,3.2948717948717947,1166756.0,波段震盪上漲,4.128205128205129,0.1625,2024-08-19,3.6730769230769234,-0.08093278463648845,-0.26749999999999996
2024,2359,所羅門,電子工業,39.25,168.0,3.2802547770700636,5252560.5,波段震盪上漲,3.5859872611464967,0.06666666666666667,2024-06-03,3.4713375796178347,-0.042735042735042694,-0.27222222222222225
2025,5475,德宏,電子零組件業,12.0,95.9,6.991666666666667,3345315.0,全年階梯上漲,7.5,0.0598039215686274,2025-12-29,1.4166666666666665,2.306896551724138,-0.3345070422535211
2025,2408,南亞科,電子工業,28.45,193.0,5.783831282952549,63336383.0,全年階梯上漲,5.836555360281195,0.007712082262210797,2025-12-30,0.7047451669595783,2.979381443298969,-0.3441910966340933
2025,2344,華邦電,電子工業,14.5,82.6,4.69655172413793,176994738.0,下半年主升段,4.772413793103448,0.013142174432497114,2025-12-30,0.3034482758620689,3.3703703703703702,-0.3507109004739337
2025,8021,尖點,電子工業,33.55,190.0,4.663189269746647,15134977.0,年底創新高收斂,4.663189269746647,0.0,2025-12-31,0.4903129657228018,2.8,-0.3903818953323904
2025,8358,金居,電子零組件業,58.0,277.0,3.7758620689655173,1966816.5,下半年主升段,3.8103448275862073,0.007168458781362007,2025-12-10,-0.013793103448275779,3.8426573426573425,-0.3421501706484642
2025,5498,凱崴,電子零組件業,11.35,50.4,3.4405286343612334,5315134.5,下半年主升段,3.7665198237885464,0.06839186691312389,2025-12-30,0.09251101321585908,3.064516129032258,-0.36331877729257633
2025,8110,華東,半導體業,13.9,57.2,3.115107913669065,4146389.0,下半年主升段,3.115107913669065,0.0,2025-12-31,-0.06834532374100732,3.416988416988417,-0.3616352201257862
2025,4722,國精化,化學生技醫療,47.95,187.5,2.9103232533889467,3085789.5,下半年主升段,3.4734098018769552,0.1258741258741259,2025-10-03,0.2909280500521376,2.02907915993538,-0.38671328671328664
2026,7610,聯友金屬-創,綠能環保,147.0,1605.0,9.918367346938776,856504.5,全年階梯上漲,17.027210884353742,0.39433962264150946,2026-07-09,4.64625850340136,0.9337349397590362,-0.5867924528301887
2026,4573,高明鐵,電機機械,75.0,622.0,7.293333333333333,1141257.0,年底創新高收斂,7.293333333333333,0.0,2026-09-01,5.44,0.28778467908902683,-0.5403624382207578
2026,6990,華鉬,綠能環保,22.8,165.5,6.258771929824561,627090.0,全年階梯上漲,8.780701754385964,0.257847533632287,2026-08-10,2.899122807017544,0.8616422947131608,-0.4357798165137615
2026,3026,禾伸堂,電子零組件業,106.0,731.0,5.89622641509434,7787021.0,全年階梯上漲,8.481132075471699,0.272636815920398,2026-07-09,2.108490566037736,1.2185128983308045,-0.5746268656716418
2026,2426,鼎元,電子工業,17.25,107.5,5.231884057971015,34767679.5,全年階梯上漲,5.231884057971015,0.0,2026-09-01,2.8666666666666667,0.6116941529235382,-0.4989440337909187
2026,3595,山太士,光電業,301.5,1690.0,4.60530679933665,628783.5,波段震盪上漲,8.651741293532337,0.41924398625429554,2026-05-12,8.286898839137645,-0.39642857142857146,-0.6030927835051547
2026,3189,景碩,電子工業,156.0,874.0,4.602564102564102,31826511.0,全年階梯上漲,4.858974358974359,0.0437636761487965,2026-08-27,2.2243589743589745,0.7375745526838966,-0.3535353535353535
2026,6141,柏承,電子工業,10.5,58.0,4.523809523809524,1955605.0,全年階梯上漲,4.609523809523809,0.015280135823429518,2026-08-31,2.1666666666666665,0.744360902255639,-0.36413043478260865
