symbol,strategy,params,round_trip_cost_pct,n,win_rate,avg_pnl,total_pnl,pf
0050,orb,"(5, False)",0.1285,101,0.33663366336633666,-0.00030148590019218587,-0.03045007591941077,0.9061457180722313
0050,orb,"(10, False)",0.1285,86,0.38372093023255816,-0.0007188808645631258,-0.061823754352428824,0.8079861768514309
0050,orb,"(15, False)",0.1285,83,0.3614457831325301,-0.0012703947337949697,-0.10544276290498249,0.6869304757238435
0050,orb,"(30, False)",0.1285,60,0.48333333333333334,0.00021601869893924836,0.012961121936354902,1.073205819774495
0050,orb_long_only,"(5, True)",0.1285,49,0.3469387755102041,-0.0002111369690894004,-0.01034571148538062,0.9339046022074302
0050,orb_long_only,"(10, True)",0.1285,40,0.4,-0.0007945478659906909,-0.03178191463962764,0.7968949305159172
0050,orb_long_only,"(15, True)",0.1285,40,0.4,-0.0011073819625241912,-0.04429527850096765,0.7294040060033397
0050,orb_long_only,"(30, True)",0.1285,32,0.46875,-0.00015511376512168272,-0.004963640483893847,0.9499087494251397
0050,orb_vwap_long,"(10,)",0.1285,40,0.4,-0.0007945478659906909,-0.03178191463962764,0.7968949305159172
0050,orb_vwap_long,"(15,)",0.1285,40,0.4,-0.0011073819625241912,-0.04429527850096765,0.7294040060033397
0050,orb_vwap_long,"(30,)",0.1285,32,0.46875,-0.00015511376512168272,-0.004963640483893847,0.9499087494251397
0050,vwap_pullback,"(None,)",0.1285,55,0.4727272727272727,-0.002067867472257087,-0.11373271097413977,0.35914911264464244
0050,momentum,"(15,)",0.1285,106,0.3113207547169811,-0.0010253412326693566,-0.1086861706629518,0.7024354263172709
0050,momentum,"(30,)",0.1285,75,0.4266666666666667,0.00020463753209968815,0.01534781490747661,1.0762116988900683
0050,momentum,"(60,)",0.1285,68,0.4852941176470588,-2.0056352227516643e-05,-0.0013638319514711317,0.9911682527999106
0050,rsi_revert,"(25, 75)",0.1285,404,0.3712871287128713,-0.0011320413920380677,-0.45734472238337937,0.26855450538215303
0050,rsi_revert,"(30, 70)",0.1285,511,0.35812133072407043,-0.001142158982920632,-0.583643240272443,0.24643095262036635
0050,gap_go,"(0.005,)",0.1285,21,0.3333333333333333,-0.0008688274665552986,-0.01824537679766127,0.8301418152384137
0050,gap_go,"(0.008,)",0.1285,16,0.4375,0.0017085620193520064,0.027336992309632102,1.4421101941520806
0056,orb,"(5, False)",0.1285,83,0.4457831325301205,3.815534834671322e-05,0.003166893912777197,1.0112760133507623
0056,orb,"(10, False)",0.1285,72,0.4722222222222222,-0.0002765675076882212,-0.019912860553551924,0.9189134744652558
0056,orb,"(15, False)",0.1285,68,0.4852941176470588,-0.0007511410617686053,-0.051077592200265164,0.7937714326055737
0056,orb,"(30, False)",0.1285,54,0.5185185185185185,-0.0004756409996152864,-0.025684613979225467,0.8550463808388971
0056,orb_long_only,"(5, True)",0.1285,39,0.41025641025641024,-0.0005885674501719846,-0.0229541305567074,0.8388732588872488
0056,orb_long_only,"(10, True)",0.1285,34,0.4117647058823529,-0.0014311617717859477,-0.04865950024072222,0.6639535650408416
0056,orb_long_only,"(15, True)",0.1285,32,0.4375,-0.00147893728548271,-0.04732599313544672,0.646098088507497
0056,orb_long_only,"(30, True)",0.1285,23,0.5652173913043478,-0.000313331234485421,-0.007206618393164683,0.8996367765997083
0056,orb_vwap_long,"(10,)",0.1285,34,0.4117647058823529,-0.0014311617717859477,-0.04865950024072222,0.6639535650408416
0056,orb_vwap_long,"(15,)",0.1285,32,0.4375,-0.00147893728548271,-0.04732599313544672,0.646098088507497
0056,orb_vwap_long,"(30,)",0.1285,23,0.5652173913043478,-0.000313331234485421,-0.007206618393164683,0.8996367765997083
0056,vwap_pullback,"(None,)",0.1285,41,0.5121951219512195,-0.0020099212923510965,-0.08240677298639495,0.38719209894839984
0056,momentum,"(15,)",0.1285,103,0.3786407766990291,-0.0014075630858566344,-0.14497899784323334,0.6224024304567585
0056,momentum,"(30,)",0.1285,79,0.379746835443038,-0.0009825793396297194,-0.07762376783074783,0.7003547729595067
0056,momentum,"(60,)",0.1285,58,0.43103448275862066,-0.0005119500709618726,-0.029693104115788613,0.8103927048888727
0056,rsi_revert,"(25, 75)",0.1285,350,0.32571428571428573,-0.0012174367546347999,-0.42610286412217996,0.2395912779973366
0056,rsi_revert,"(30, 70)",0.1285,442,0.3212669683257919,-0.0012105704853569636,-0.5350721545277779,0.23048590365872473
0056,gap_go,"(0.005,)",0.1285,24,0.2916666666666667,-0.002195141227667377,-0.05268338946401705,0.5764257736716507
0056,gap_go,"(0.008,)",0.1285,15,0.4666666666666667,-0.00015547000012401332,-0.0023320500018602,0.9684972352413471
1303,orb,"(5, False)",0.17850000000000002,91,0.46153846153846156,0.0016387644018166167,0.14912756056531212,1.1197603858719518
1303,orb,"(10, False)",0.17850000000000002,80,0.4625,-0.0007118264130108604,-0.05694611304086883,0.9539409844030753
1303,orb,"(15, False)",0.17850000000000002,70,0.45714285714285713,-0.0024018592319924783,-0.16813014623947348,0.8539824204196911
1303,orb,"(30, False)",0.17850000000000002,51,0.5490196078431373,0.00048744905504105547,0.02485990180709383,1.0365526097869988
1303,orb_long_only,"(5, True)",0.17850000000000002,44,0.4772727272727273,0.005797809361549013,0.25510361190815656,1.407294248914337
1303,orb_long_only,"(10, True)",0.17850000000000002,38,0.47368421052631576,0.003770388275039894,0.14327475445151597,1.2521241994512247
1303,orb_long_only,"(15, True)",0.17850000000000002,34,0.5,0.003321381471632564,0.11292697003550718,1.2240547558193235
1303,orb_long_only,"(30, True)",0.17850000000000002,25,0.56,0.005091564380862203,0.12728910952155506,1.4271061319104972
1303,orb_vwap_long,"(10,)",0.17850000000000002,37,0.4864864864864865,0.004158308335417846,0.15385740841046028,1.27588443792308
1303,orb_vwap_long,"(15,)",0.17850000000000002,33,0.5151515151515151,0.0037427158786197414,0.12350962399445146,1.250307081133189
1303,orb_vwap_long,"(30,)",0.17850000000000002,25,0.56,0.005091564380862203,0.12728910952155506,1.4271061319104972
1303,vwap_pullback,"(None,)",0.17850000000000002,55,0.7818181818181819,-0.0009224254667570551,-0.050733400671638035,0.8252715186986612
1303,momentum,"(15,)",0.17850000000000002,103,0.3786407766990291,-0.005359046032472979,-0.5519817413447169,0.6674590825826984
1303,momentum,"(30,)",0.17850000000000002,74,0.5,0.0007801827799672239,0.05773352571757457,1.0653209624279094
1303,momentum,"(60,)",0.17850000000000002,57,0.5789473684210527,0.0039103896386839775,0.22289220940498672,1.397209848108308
1303,rsi_revert,"(25, 75)",0.17850000000000002,280,0.575,-0.001128827465990285,-0.3160716904772798,0.7562446833541944
1303,rsi_revert,"(30, 70)",0.17850000000000002,350,0.5828571428571429,-0.0013198847084098366,-0.4619596479434428,0.7186578020199554
1303,gap_go,"(0.005,)",0.17850000000000002,32,0.21875,0.0017355786848167454,0.05553851791413585,1.1535152540066784
1303,gap_go,"(0.008,)",0.17850000000000002,31,0.1935483870967742,-0.0009433434279022144,-0.02924364626496865,0.9191669862096649
1815,orb,"(5, False)",0.17850000000000002,430,0.4046511627906977,-0.0017892142967618299,-0.7693621476075868,0.8121526105452619
1815,orb,"(10, False)",0.17850000000000002,362,0.4558011049723757,-0.0012483740624888286,-0.45191141062095597,0.8662029823522343
1815,orb,"(15, False)",0.17850000000000002,331,0.4622356495468278,-0.0014552076632039401,-0.48167373652050416,0.838761666708121
1815,orb,"(30, False)",0.17850000000000002,267,0.49812734082397003,-0.0005908672822850958,-0.1577615643701206,0.9226644142770114
1815,orb_long_only,"(5, True)",0.17850000000000002,202,0.32673267326732675,-0.0027345535821613914,-0.5523798235966011,0.755568489619188
1815,orb_long_only,"(10, True)",0.17850000000000002,162,0.38271604938271603,-0.0018252374778853543,-0.2956884714174274,0.8365140263326145
1815,orb_long_only,"(15, True)",0.17850000000000002,144,0.3958333333333333,-0.0016467743237325435,-0.23713550261748628,0.8407333727203031
1815,orb_long_only,"(30, True)",0.17850000000000002,115,0.43478260869565216,-0.0029735466431794265,-0.34195786396563405,0.7079344324792396
1815,orb_vwap_long,"(10,)",0.17850000000000002,161,0.38509316770186336,-0.0017558943454950944,-0.2826989896247102,0.8425652257101136
1815,orb_vwap_long,"(15,)",0.17850000000000002,144,0.3958333333333333,-0.0016467743237325435,-0.23713550261748628,0.8407333727203031
1815,orb_vwap_long,"(30,)",0.17850000000000002,115,0.43478260869565216,-0.0029735466431794265,-0.34195786396563405,0.7079344324792396
1815,vwap_pullback,"(None,)",0.17850000000000002,252,0.6547619047619048,-0.0031522086984933544,-0.7943565920203253,0.4795412507640644
1815,momentum,"(15,)",0.17850000000000002,464,0.38146551724137934,-0.001540829165480482,-0.7149447327829437,0.8089613704765144
1815,momentum,"(30,)",0.17850000000000002,370,0.47297297297297297,-0.0008345953569984013,-0.30880028208940846,0.8901129553260174
1815,momentum,"(60,)",0.17850000000000002,291,0.46735395189003437,0.00046519514686532075,0.13537178773780834,1.080300868748689
1815,rsi_revert,"(25, 75)",0.17850000000000002,1608,0.6001243781094527,-0.0006555189073692176,-1.054074403049702,0.726665095999432
1815,rsi_revert,"(30, 70)",0.17850000000000002,2072,0.5965250965250966,-0.0005772583801836566,-1.1960793637405365,0.7552278093933328
1815,gap_go,"(0.005,)",0.17850000000000002,137,0.20437956204379562,-0.001700242328002496,-0.23293319893634196,0.8175628321924638
1815,gap_go,"(0.008,)",0.17850000000000002,100,0.2,-0.002892914629689371,-0.2892914629689371,0.6913596373590734
2303,orb,"(5, False)",0.17850000000000002,883,0.3363533408833522,-0.002589058278218148,-2.286138459666625,0.5922389329329318
2303,orb,"(10, False)",0.17850000000000002,738,0.3604336043360434,-0.0023187635082945125,-1.7112474691213504,0.6230794341462594
2303,orb,"(15, False)",0.17850000000000002,676,0.3683431952662722,-0.0024064080507041267,-1.6267318422759898,0.5991860143229922
2303,orb,"(30, False)",0.17850000000000002,557,0.37163375224416517,-0.0022911034132534775,-1.276144601182187,0.584107339752023
2303,orb_long_only,"(5, True)",0.17850000000000002,415,0.3108433734939759,-0.002766045538696303,-1.1479088985589656,0.5778690216982136
2303,orb_long_only,"(10, True)",0.17850000000000002,342,0.3362573099415205,-0.002597013526883005,-0.8881786261939877,0.5993903375910132
2303,orb_long_only,"(15, True)",0.17850000000000002,309,0.34951456310679613,-0.0028503799810121,-0.8807674141327388,0.5612329171109371
2303,orb_long_only,"(30, True)",0.17850000000000002,245,0.37551020408163266,-0.0023009008152707956,-0.5637206997413449,0.5862151847389491
2303,orb_vwap_long,"(10,)",0.17850000000000002,342,0.3362573099415205,-0.002597013526883005,-0.8881786261939877,0.5993903375910132
2303,orb_vwap_long,"(15,)",0.17850000000000002,309,0.34951456310679613,-0.0028503799810121,-0.8807674141327388,0.5612329171109371
2303,orb_vwap_long,"(30,)",0.17850000000000002,245,0.37551020408163266,-0.0023009008152707956,-0.5637206997413449,0.5862151847389491
2303,vwap_pullback,"(None,)",0.17850000000000002,573,0.5654450261780105,-0.0015938649755258506,-0.9132846309763124,0.520292114591187
2303,momentum,"(15,)",0.17850000000000002,1036,0.305019305019305,-0.0024205084501034185,-2.5076467543071415,0.5553156254768961
2303,momentum,"(30,)",0.17850000000000002,864,0.3090277777777778,-0.002844113349856481,-2.4573139342759998,0.4774760332286505
2303,momentum,"(60,)",0.17850000000000002,664,0.3207831325301205,-0.00245573546029319,-1.6306083456346783,0.4740831437178408
2303,rsi_revert,"(25, 75)",0.17850000000000002,2749,0.457984721716988,-0.0009447143909311562,-2.5970198606697483,0.5039317394717954
2303,rsi_revert,"(30, 70)",0.17850000000000002,3741,0.45442395081529,-0.0008549672985366183,-3.1984326638254887,0.5292460632805428
2303,gap_go,"(0.005,)",0.17850000000000002,225,0.28888888888888886,-0.0031115755024746744,-0.7001044880568017,0.582802148749297
2303,gap_go,"(0.008,)",0.17850000000000002,162,0.2962962962962963,-0.0027813430060181364,-0.4505775669749381,0.6396992295786995
2317,orb,"(5, False)",0.17850000000000002,824,0.41383495145631066,-0.0016660649594356389,-1.3728375265749664,0.7048499227904043
2317,orb,"(10, False)",0.17850000000000002,733,0.40791268758526605,-0.0019499217489351512,-1.4292926419694658,0.6533432664053493
2317,orb,"(15, False)",0.17850000000000002,661,0.42208774583963693,-0.0015926914154776337,-1.0527690256307158,0.6985783433859544
2317,orb,"(30, False)",0.17850000000000002,548,0.4233576642335766,-0.0012326485142688623,-0.6754913858193365,0.7278902080086425
2317,orb_long_only,"(5, True)",0.17850000000000002,382,0.39790575916230364,-0.002085790662247657,-0.796772032978605,0.6625003303179543
2317,orb_long_only,"(10, True)",0.17850000000000002,335,0.3880597014925373,-0.002426587377304426,-0.8129067713969826,0.6122858466478517
2317,orb_long_only,"(15, True)",0.17850000000000002,299,0.40468227424749165,-0.002128792852939705,-0.6365090630289718,0.6482841616759061
2317,orb_long_only,"(30, True)",0.17850000000000002,233,0.40772532188841204,-0.00109912200978474,-0.25609542827984444,0.7715648203708849
2317,orb_vwap_long,"(10,)",0.17850000000000002,335,0.3850746268656716,-0.002436880738086721,-0.8163550472590515,0.6109723982260771
2317,orb_vwap_long,"(15,)",0.17850000000000002,299,0.40468227424749165,-0.002128792852939705,-0.6365090630289718,0.6482841616759061
2317,orb_vwap_long,"(30,)",0.17850000000000002,233,0.40772532188841204,-0.00109912200978474,-0.25609542827984444,0.7715648203708849
2317,vwap_pullback,"(None,)",0.17850000000000002,487,0.6036960985626283,-0.0013310575897913896,-0.6482250462284067,0.6110065199872817
2317,momentum,"(15,)",0.17850000000000002,932,0.34549356223175964,-0.0025568427016147833,-2.382977397904978,0.5406828403486206
2317,momentum,"(30,)",0.17850000000000002,772,0.3639896373056995,-0.0021416628008312255,-1.6533636822417062,0.5799377986186468
2317,momentum,"(60,)",0.17850000000000002,585,0.3435897435897436,-0.0018491278151797083,-1.0817397718801294,0.5712986582339405
2317,rsi_revert,"(25, 75)",0.17850000000000002,2678,0.6945481702763256,2.8283210642935254e-05,0.07574243810178061,1.022098840370327
2317,rsi_revert,"(30, 70)",0.17850000000000002,3100,0.6861290322580645,-2.796775867700795e-05,-0.08670005189872465,0.9794188046175579
2317,gap_go,"(0.005,)",0.17850000000000002,280,0.30714285714285716,-0.0015571093337858088,-0.43599061346002643,0.7817979365537272
2317,gap_go,"(0.008,)",0.17850000000000002,207,0.30917874396135264,-0.0010551159522099855,-0.218409002107467,0.8555686707503183
2324,orb,"(5, False)",0.17850000000000002,81,0.43209876543209874,-0.0049610103382998405,-0.40184183740228707,0.5165087164655259
2324,orb,"(10, False)",0.17850000000000002,67,0.4626865671641791,-0.004511945649417737,-0.3023003585109884,0.5271964106306821
2324,orb,"(15, False)",0.17850000000000002,58,0.5,-0.0037806032477065554,-0.2192749883669802,0.5536226897781267
2324,orb,"(30, False)",0.17850000000000002,48,0.4375,-0.004158664493452709,-0.19961589568573002,0.47713426134408454
2324,orb_long_only,"(5, True)",0.17850000000000002,38,0.3684210526315789,-0.00785254754879983,-0.2983968068543935,0.3764720952998044
2324,orb_long_only,"(10, True)",0.17850000000000002,29,0.3793103448275862,-0.008120131533132862,-0.23548381446085298,0.3341128534003524
2324,orb_long_only,"(15, True)",0.17850000000000002,25,0.4,-0.007996631574885223,-0.1999157893721306,0.3132050515876048
2324,orb_long_only,"(30, True)",0.17850000000000002,18,0.3333333333333333,-0.007895749482670815,-0.14212349068807467,0.31495657697266277
2324,orb_vwap_long,"(10,)",0.17850000000000002,29,0.3793103448275862,-0.008120131533132862,-0.23548381446085298,0.3341128534003524
2324,orb_vwap_long,"(15,)",0.17850000000000002,25,0.4,-0.007996631574885223,-0.1999157893721306,0.3132050515876048
2324,orb_vwap_long,"(30,)",0.17850000000000002,18,0.3333333333333333,-0.007895749482670815,-0.14212349068807467,0.31495657697266277
2324,vwap_pullback,"(None,)",0.17850000000000002,62,0.5161290322580645,-0.004700688318328591,-0.2914426757363726,0.27781697738516264
2324,momentum,"(15,)",0.17850000000000002,90,0.4111111111111111,-0.002332085998118496,-0.20988773983066467,0.6857770193429431
2324,momentum,"(30,)",0.17850000000000002,87,0.3793103448275862,-0.0036582958199945256,-0.3182717363395237,0.5118454366652727
2324,momentum,"(60,)",0.17850000000000002,70,0.3142857142857143,-0.0037554430298237765,-0.26288101208766435,0.41278397118702814
2324,rsi_revert,"(25, 75)",0.17850000000000002,340,0.43529411764705883,-0.0010607589426688837,-0.36065804050742045,0.5643116701054306
2324,rsi_revert,"(30, 70)",0.17850000000000002,455,0.4307692307692308,-0.0011313306004708246,-0.5147554232142252,0.5310396695371633
2324,gap_go,"(0.005,)",0.17850000000000002,27,0.3333333333333333,0.0006778248724417991,0.018301271555928575,1.0760025745499056
2324,gap_go,"(0.008,)",0.17850000000000002,21,0.38095238095238093,0.0030569675467344392,0.06419631848142322,1.3540822937049422
2330,orb,"(5, False)",0.17850000000000002,92,0.31521739130434784,-0.0033357713056927914,-0.3068909601237368,0.356628648210729
2330,orb,"(10, False)",0.17850000000000002,78,0.3333333333333333,-0.003284927639677393,-0.25622435589483666,0.34669478972608986
2330,orb,"(15, False)",0.17850000000000002,68,0.36764705882352944,-0.002899772486647329,-0.19718452909201836,0.3628794384110195
2330,orb,"(30, False)",0.17850000000000002,59,0.3559322033898305,-0.002972637554991443,-0.17538561574449515,0.3241381914645372
2330,orb_long_only,"(5, True)",0.17850000000000002,45,0.3333333333333333,-0.0031412956975678356,-0.1413583063905526,0.3647880630907295
2330,orb_long_only,"(10, True)",0.17850000000000002,37,0.32432432432432434,-0.0029642587956439964,-0.10967757543882786,0.33513972997522246
2330,orb_long_only,"(15, True)",0.17850000000000002,33,0.3333333333333333,-0.0027648094796312484,-0.09123871282783119,0.3378055660314579
2330,orb_long_only,"(30, True)",0.17850000000000002,29,0.3448275862068966,-0.002766799755489071,-0.08023719290918306,0.26972259713956886
2330,orb_vwap_long,"(10,)",0.17850000000000002,37,0.32432432432432434,-0.0029642587956439964,-0.10967757543882786,0.33513972997522246
2330,orb_vwap_long,"(15,)",0.17850000000000002,33,0.3333333333333333,-0.0027648094796312484,-0.09123871282783119,0.3378055660314579
2330,orb_vwap_long,"(30,)",0.17850000000000002,29,0.3448275862068966,-0.002766799755489071,-0.08023719290918306,0.26972259713956886
2330,vwap_pullback,"(None,)",0.17850000000000002,45,0.6444444444444445,-0.000588879559516983,-0.02649958017826424,0.720409976322058
2330,momentum,"(15,)",0.17850000000000002,119,0.2184873949579832,-0.003701896498893248,-0.4405256833682965,0.2102330286887339
2330,momentum,"(30,)",0.17850000000000002,78,0.2564102564102564,-0.0033602362234940223,-0.26209842543253375,0.25546661039174345
2330,momentum,"(60,)",0.17850000000000002,64,0.28125,-0.002884425510146213,-0.18460323264935763,0.24498924919862855
2330,rsi_revert,"(25, 75)",0.17850000000000002,192,0.703125,-0.00012175930085871565,-0.023377785764873406,0.8653459320226959
2330,rsi_revert,"(30, 70)",0.17850000000000002,275,0.7018181818181818,-0.00011503574793044404,-0.03163483068087211,0.8788398530706203
2330,gap_go,"(0.005,)",0.17850000000000002,21,0.3333333333333333,-0.0022063823724808385,-0.04633402982209761,0.5920357951455135
2330,gap_go,"(0.008,)",0.17850000000000002,17,0.4117647058823529,-0.0010901544738161578,-0.018532626054874685,0.783932419841865
2337,orb,"(5, False)",0.17850000000000002,897,0.3935340022296544,-0.0012807952333403093,-1.1488733243062574,0.8480350351285376
2337,orb,"(10, False)",0.17850000000000002,754,0.42572944297082227,-0.0009068323433414357,-0.6837515868794425,0.8886048793456784
2337,orb,"(15, False)",0.17850000000000002,680,0.4338235294117647,-0.0009111026010743514,-0.619549768730559,0.8845757564066267
2337,orb,"(30, False)",0.17850000000000002,550,0.45636363636363636,-0.0005761501766480567,-0.3168825971564312,0.9144786459226678
2337,orb_long_only,"(5, True)",0.17850000000000002,431,0.31554524361948955,-0.0028180959244779795,-1.214599343450009,0.7020352062573165
2337,orb_long_only,"(10, True)",0.17850000000000002,350,0.34,-0.0030508298785757383,-1.0677904575015085,0.6921131326492997
2337,orb_long_only,"(15, True)",0.17850000000000002,305,0.3540983606557377,-0.0029422454563181526,-0.8973848641770366,0.6970112396245358
2337,orb_long_only,"(30, True)",0.17850000000000002,238,0.3949579831932773,-0.002196099129358478,-0.5226715927873178,0.7362253305772266
2337,orb_vwap_long,"(10,)",0.17850000000000002,350,0.34,-0.003073716736653252,-1.0758008578286382,0.6903965561534359
2337,orb_vwap_long,"(15,)",0.17850000000000002,305,0.3540983606557377,-0.0029422454563181526,-0.8973848641770366,0.6970112396245358
2337,orb_vwap_long,"(30,)",0.17850000000000002,238,0.3949579831932773,-0.002196099129358478,-0.5226715927873178,0.7362253305772266
2337,vwap_pullback,"(None,)",0.17850000000000002,532,0.6842105263157895,-0.001444969626512212,-0.7687238413044968,0.6505024040793428
2337,momentum,"(15,)",0.17850000000000002,1052,0.3574144486692015,-0.001872846348572889,-1.9702343586986792,0.7449091835083768
2337,momentum,"(30,)",0.17850000000000002,840,0.39404761904761904,-0.0015611588547887424,-1.3113734380225437,0.7695127605846603
2337,momentum,"(60,)",0.17850000000000002,672,0.40922619047619047,-0.001462974626509019,-0.9831189490140608,0.7487688104753478
2337,rsi_revert,"(25, 75)",0.17850000000000002,3267,0.610651974288338,-0.00035055212827298453,-1.1452538030678405,0.8349696957120486
2337,rsi_revert,"(30, 70)",0.17850000000000002,4101,0.6169227017800536,-0.00033495482452369893,-1.3736497353716892,0.8442113177413406
2337,gap_go,"(0.005,)",0.17850000000000002,271,0.26199261992619927,-0.002673264709477845,-0.724454736268496,0.7154273730440294
2337,gap_go,"(0.008,)",0.17850000000000002,205,0.21951219512195122,-0.0037818965870722882,-0.7752888003498191,0.6379618605097055
2344,orb,"(5, False)",0.17850000000000002,919,0.4134929270946681,-0.0017908248030205952,-1.645767993975927,0.7981031279269138
2344,orb,"(10, False)",0.17850000000000002,796,0.43090452261306533,-0.001787774453686063,-1.4230684651341061,0.7952570602862572
2344,orb,"(15, False)",0.17850000000000002,718,0.4428969359331476,-0.0018044550757361246,-1.2955987443785375,0.7871835716397966
2344,orb,"(30, False)",0.17850000000000002,579,0.44041450777202074,-0.002162652097829422,-1.2521755646432353,0.7315752671903873
2344,orb_long_only,"(5, True)",0.17850000000000002,408,0.36519607843137253,-0.002856909255016215,-1.1656189760466158,0.7149614813382814
2344,orb_long_only,"(10, True)",0.17850000000000002,344,0.3633720930232558,-0.0031327689119555486,-1.0776725057127088,0.6921948327424863
2344,orb_long_only,"(15, True)",0.17850000000000002,299,0.38461538461538464,-0.0032112022580207226,-0.960149475148196,0.6786235687510649
2344,orb_long_only,"(30, True)",0.17850000000000002,239,0.38493723849372385,-0.0035781967847785296,-0.8551890315620686,0.6249430667118724
2344,orb_vwap_long,"(10,)",0.17850000000000002,344,0.3633720930232558,-0.0031921579005712774,-1.0981023177965195,0.6871198944433464
2344,orb_vwap_long,"(15,)",0.17850000000000002,299,0.38461538461538464,-0.003231595199411919,-0.9662469646241638,0.6772413724846501
2344,orb_vwap_long,"(30,)",0.17850000000000002,239,0.38493723849372385,-0.0035781967847785296,-0.8551890315620686,0.6249430667118724
2344,vwap_pullback,"(None,)",0.17850000000000002,609,0.6748768472906403,-0.0016548271799053064,-1.0077897525623316,0.6373029011114895
2344,momentum,"(15,)",0.17850000000000002,1020,0.35980392156862745,-0.0021802466450400403,-2.223851577940841,0.7192832375630022
2344,momentum,"(30,)",0.17850000000000002,849,0.3839811542991755,-0.002448853817079929,-2.0790768907008594,0.6736047526041943
2344,momentum,"(60,)",0.17850000000000002,658,0.4012158054711246,-0.002638760217163106,-1.7363042228933239,0.6137128595909979
2344,rsi_revert,"(25, 75)",0.17850000000000002,2974,0.6308002689979825,-0.0003546822176821007,-1.0548249153865674,0.8517863076358102
2344,rsi_revert,"(30, 70)",0.17850000000000002,3836,0.6251303441084463,-0.00044223311071517996,-1.6964062127034303,0.8160331554917198
2344,gap_go,"(0.005,)",0.17850000000000002,300,0.23333333333333334,-0.002774362522757925,-0.8323087568273775,0.7026726326053091
2344,gap_go,"(0.008,)",0.17850000000000002,233,0.2446351931330472,-0.0019447255127563797,-0.45312104447223644,0.7905272936905275
2408,orb,"(5, False)",0.17850000000000002,901,0.44950055493895674,0.0006134835636588946,0.552748690856664,1.071941944454591
2408,orb,"(10, False)",0.17850000000000002,774,0.4754521963824289,0.0010264427004672257,0.7944666501616328,1.1251040226575995
2408,orb,"(15, False)",0.17850000000000002,707,0.4837340876944837,0.0013941130969925754,0.9856379595737508,1.1789340761730174
2408,orb,"(30, False)",0.17850000000000002,593,0.48903878583473864,0.0007301058394301051,0.4329527627820523,1.1005357245258682
2408,orb_long_only,"(5, True)",0.17850000000000002,420,0.37857142857142856,-0.00129105365938875,-0.5422425369432751,0.8660018228275426
2408,orb_long_only,"(10, True)",0.17850000000000002,350,0.4,-0.0008639362781243891,-0.3023776973435362,0.9078308421295491
2408,orb_long_only,"(15, True)",0.17850000000000002,310,0.4129032258064516,-0.0001629383970468507,-0.05051090308452372,0.981592570678479
2408,orb_long_only,"(30, True)",0.17850000000000002,246,0.44715447154471544,-0.0008163888122199284,-0.20083164780610238,0.9038879075274749
2408,orb_vwap_long,"(10,)",0.17850000000000002,350,0.4,-0.0008639362781243891,-0.3023776973435362,0.9078308421295491
2408,orb_vwap_long,"(15,)",0.17850000000000002,310,0.4129032258064516,-0.0001629383970468507,-0.05051090308452372,0.981592570678479
2408,orb_vwap_long,"(30,)",0.17850000000000002,246,0.44715447154471544,-0.0008163888122199284,-0.20083164780610238,0.9038879075274749
2408,vwap_pullback,"(None,)",0.17850000000000002,587,0.6848381601362862,-0.0018587125407907529,-1.091064261444172,0.5870386684131197
2408,momentum,"(15,)",0.17850000000000002,1029,0.3965014577259475,-0.0002020579383492877,-0.20791761856141705,0.9739974376803318
2408,momentum,"(30,)",0.17850000000000002,826,0.463680387409201,0.00022704399330072028,0.18753833846639495,1.0325811666265114
2408,momentum,"(60,)",0.17850000000000002,693,0.4401154401154401,-0.0009135313848083364,-0.6330772496721772,0.8576232658409273
2408,rsi_revert,"(25, 75)",0.17850000000000002,3416,0.47043325526932084,-0.0013654387331030887,-4.664338712280151,0.5450325376253196
2408,rsi_revert,"(30, 70)",0.17850000000000002,4572,0.4726596675415573,-0.001310799764671639,-5.992976524078734,0.5436369762004599
2408,gap_go,"(0.005,)",0.17850000000000002,324,0.24382716049382716,-0.0018504468526662203,-0.5995447802638554,0.802081011819338
2408,gap_go,"(0.008,)",0.17850000000000002,258,0.2596899224806202,-0.0006862852453148592,-0.17706159329123367,0.9270394295233728
2409,orb,"(5, False)",0.17850000000000002,851,0.3772032902467685,-0.0028218296291124293,-2.4013770143746775,0.6384989023156958
2409,orb,"(10, False)",0.17850000000000002,732,0.38524590163934425,-0.0028433429674438,-2.0813270521688616,0.6237557713780445
2409,orb,"(15, False)",0.17850000000000002,665,0.3804511278195489,-0.0026817529866985396,-1.7833657361545288,0.621006775784676
2409,orb,"(30, False)",0.17850000000000002,547,0.376599634369287,-0.0032151084283022066,-1.758664310281307,0.5310862912742706
2409,orb_long_only,"(5, True)",0.17850000000000002,379,0.31398416886543534,-0.004004958334471123,-1.5178792087645556,0.5516239481003085
2409,orb_long_only,"(10, True)",0.17850000000000002,311,0.3311897106109325,-0.003932652643377993,-1.223054972090556,0.5479779350136894
2409,orb_long_only,"(15, True)",0.17850000000000002,274,0.33211678832116787,-0.0037850847249574614,-1.0371132146383444,0.5334863594708081
2409,orb_long_only,"(30, True)",0.17850000000000002,220,0.3409090909090909,-0.004863268752148469,-1.0699191254726632,0.41575681922855856
2409,orb_vwap_long,"(10,)",0.17850000000000002,311,0.3311897106109325,-0.003932652643377993,-1.223054972090556,0.5479779350136894
2409,orb_vwap_long,"(15,)",0.17850000000000002,274,0.33211678832116787,-0.0037850847249574614,-1.0371132146383444,0.5334863594708081
2409,orb_vwap_long,"(30,)",0.17850000000000002,220,0.3409090909090909,-0.004863268752148469,-1.0699191254726632,0.41575681922855856
2409,vwap_pullback,"(None,)",0.17850000000000002,536,0.6511194029850746,-0.0011207520904777505,-0.6007231204960743,0.7069745613372242
2409,momentum,"(15,)",0.17850000000000002,1003,0.292123629112662,-0.0034458409430583544,-3.4561784658875294,0.5125575016693834
2409,momentum,"(30,)",0.17850000000000002,792,0.33080808080808083,-0.0032872712938152608,-2.6035188647016865,0.5057457530303519
2409,momentum,"(60,)",0.17850000000000002,569,0.3251318101933216,-0.0024423403279545874,-1.3896916466061602,0.5608591830864484
2409,rsi_revert,"(25, 75)",0.17850000000000002,2615,0.6841300191204589,0.0002871075578476628,0.7507862637716382,1.169070231052572
2409,rsi_revert,"(30, 70)",0.17850000000000002,3328,0.6911057692307693,0.00027275904074982926,0.9077420876154318,1.157553343612751
2409,gap_go,"(0.005,)",0.17850000000000002,257,0.27626459143968873,-0.0025425687578771706,-0.6534401707744328,0.7032397898720609
2409,gap_go,"(0.008,)",0.17850000000000002,174,0.28160919540229884,-0.001754026370531114,-0.3052005884724138,0.7977367474608543
2454,orb,"(5, False)",0.17850000000000002,70,0.5571428571428572,0.0031544115587816873,0.22080880911471812,1.4257479125104293
2454,orb,"(10, False)",0.17850000000000002,59,0.5932203389830508,0.003945112673276158,0.2327616477232933,1.6382511914200923
2454,orb,"(15, False)",0.17850000000000002,59,0.5423728813559322,0.0014286445454703763,0.0842900281827522,1.207526187067903
2454,orb,"(30, False)",0.17850000000000002,48,0.5208333333333334,0.0023506998410917092,0.11283359237240204,1.4121251515048447
2454,orb_long_only,"(5, True)",0.17850000000000002,31,0.45161290322580644,1.9032581428747e-05,0.000590010024291157,1.002194474719106
2454,orb_long_only,"(10, True)",0.17850000000000002,24,0.4166666666666667,0.0005978775544370456,0.014349061306489094,1.0708614458501082
2454,orb_long_only,"(15, True)",0.17850000000000002,24,0.375,-0.0009270383523767613,-0.02224892045704227,0.899996658941525
2454,orb_long_only,"(30, True)",0.17850000000000002,16,0.4375,0.0033762922369037895,0.05402067579046063,1.6144711949932202
2454,orb_vwap_long,"(10,)",0.17850000000000002,24,0.4166666666666667,0.0005978775544370456,0.014349061306489094,1.0708614458501082
2454,orb_vwap_long,"(15,)",0.17850000000000002,24,0.375,-0.0009270383523767613,-0.02224892045704227,0.899996658941525
2454,orb_vwap_long,"(30,)",0.17850000000000002,16,0.4375,0.0033762922369037895,0.05402067579046063,1.6144711949932202
2454,vwap_pullback,"(None,)",0.17850000000000002,55,0.6727272727272727,-0.0037557008550848712,-0.20656354702966792,0.34580521258552693
2454,momentum,"(15,)",0.17850000000000002,88,0.4318181818181818,-0.00013206205466249804,-0.011621460810299827,0.980974061458107
2454,momentum,"(30,)",0.17850000000000002,75,0.44,0.00021099678143348478,0.01582475860751136,1.0322242169726465
2454,momentum,"(60,)",0.17850000000000002,62,0.43548387096774194,-0.0014341904494515655,-0.08891980786599706,0.783636430319196
2454,rsi_revert,"(25, 75)",0.17850000000000002,348,0.4425287356321839,-0.0017789230522102198,-0.6190652221691565,0.42929900082236305
2454,rsi_revert,"(30, 70)",0.17850000000000002,453,0.45916114790286977,-0.0017363212653892324,-0.7865535332213223,0.42574745603017916
2454,gap_go,"(0.005,)",0.17850000000000002,29,0.20689655172413793,-0.006343569041678868,-0.18396350220868718,0.4371238712832965
2454,gap_go,"(0.008,)",0.17850000000000002,26,0.15384615384615385,-0.00737554574926772,-0.19176418948096072,0.38527992522339954
2609,orb,"(5, False)",0.17850000000000002,69,0.42028985507246375,-0.0013956502987925654,-0.09629987061668702,0.783683300513894
2609,orb,"(10, False)",0.17850000000000002,63,0.3968253968253968,-0.0015208754853076442,-0.09581515557438158,0.7556731926701362
2609,orb,"(15, False)",0.17850000000000002,60,0.36666666666666664,-0.0028242983348347626,-0.16945790009008577,0.5727685395937635
2609,orb,"(30, False)",0.17850000000000002,48,0.375,-0.003260779612763984,-0.15651742141267125,0.4695436020299615
2609,orb_long_only,"(5, True)",0.17850000000000002,35,0.34285714285714286,-0.003836695268910464,-0.13428433441186624,0.5212935930454483
2609,orb_long_only,"(10, True)",0.17850000000000002,34,0.29411764705882354,-0.004628624917932322,-0.15737324720969895,0.4512040993563268
2609,orb_long_only,"(15, True)",0.17850000000000002,32,0.3125,-0.005545062336081977,-0.17744199475462327,0.3898331444809961
2609,orb_long_only,"(30, True)",0.17850000000000002,21,0.3333333333333333,-0.0046040253819002435,-0.09668453301990512,0.4398426720012076
2609,orb_vwap_long,"(10,)",0.17850000000000002,34,0.29411764705882354,-0.004628624917932322,-0.15737324720969895,0.4512040993563268
2609,orb_vwap_long,"(15,)",0.17850000000000002,32,0.3125,-0.005545062336081977,-0.17744199475462327,0.3898331444809961
2609,orb_vwap_long,"(30,)",0.17850000000000002,21,0.3333333333333333,-0.0046040253819002435,-0.09668453301990512,0.4398426720012076
2609,vwap_pullback,"(None,)",0.17850000000000002,56,0.6071428571428571,-0.0022448596200005597,-0.12571213872003134,0.4112567292275763
2609,momentum,"(15,)",0.17850000000000002,95,0.3157894736842105,-0.0033630193214438365,-0.31948683553716445,0.4219633078455864
2609,momentum,"(30,)",0.17850000000000002,78,0.358974358974359,-0.003141589917078722,-0.24504401353214034,0.43242028097402346
2609,momentum,"(60,)",0.17850000000000002,62,0.2903225806451613,-0.004795145600499513,-0.2972990272309698,0.2707885880945976
2609,rsi_revert,"(25, 75)",0.17850000000000002,272,0.6029411764705882,-0.000555861652777154,-0.1511943695553859,0.6504841376720064
2609,rsi_revert,"(30, 70)",0.17850000000000002,371,0.6442048517520216,-0.00037721562763327215,-0.13994699785194398,0.7408604595954255
2609,gap_go,"(0.005,)",0.17850000000000002,21,0.3333333333333333,-0.0020418972961286177,-0.04287984321870097,0.7336005614151712
2609,gap_go,"(0.008,)",0.17850000000000002,14,0.2857142857142857,-0.00520118356144196,-0.07281656986018743,0.34476889104776665
2887,orb,"(5, False)",0.17850000000000002,804,0.2574626865671642,-0.003428317931321866,-2.7563676167827804,0.3664621540044916
2887,orb,"(10, False)",0.17850000000000002,705,0.24822695035460993,-0.003264358294399256,-2.3013725975514756,0.36721452384463515
2887,orb,"(15, False)",0.17850000000000002,616,0.2662337662337662,-0.003191010967650189,-1.9656627560725164,0.38192728332298004
2887,orb,"(30, False)",0.17850000000000002,486,0.28189300411522633,-0.0029430865142375555,-1.430340045919452,0.38483870226748695
2887,orb_long_only,"(5, True)",0.17850000000000002,396,0.25757575757575757,-0.0027765499217760024,-1.099513769023297,0.4693897439725674
2887,orb_long_only,"(10, True)",0.17850000000000002,356,0.2443820224719101,-0.0024736557430399915,-0.880621444522237,0.4897621508553356
2887,orb_long_only,"(15, True)",0.17850000000000002,307,0.2671009771986971,-0.0021836318747759254,-0.6703749855562091,0.5414287133995882
2887,orb_long_only,"(30, True)",0.17850000000000002,256,0.28515625,-0.0023170627400622367,-0.5931680614559326,0.5008713990778522
2887,orb_vwap_long,"(10,)",0.17850000000000002,353,0.24645892351274787,-0.0024383723318023385,-0.8607454331262254,0.4954681060202276
2887,orb_vwap_long,"(15,)",0.17850000000000002,304,0.26973684210526316,-0.0021397992571059133,-0.6504989741601976,0.5488915657938597
2887,orb_vwap_long,"(30,)",0.17850000000000002,256,0.28515625,-0.0023170627400622367,-0.5931680614559326,0.5008713990778522
2887,vwap_pullback,"(None,)",0.17850000000000002,397,0.5818639798488665,-0.00047286999457782483,-0.18772938784739646,0.7908892111289021
2887,momentum,"(15,)",0.17850000000000002,843,0.23962040332147094,-0.0034285621022972913,-2.8902778522366166,0.3308354486995056
2887,momentum,"(30,)",0.17850000000000002,687,0.24745269286754004,-0.0034049033273523496,-2.339168585891064,0.31407913925761777
2887,momentum,"(60,)",0.17850000000000002,489,0.24948875255623723,-0.003273454425355129,-1.6007192139986581,0.2800425955226833
2887,rsi_revert,"(25, 75)",0.17850000000000002,2095,0.6868735083532219,3.1581366223607885e-07,0.0006616296223845852,1.0002952245919126
2887,rsi_revert,"(30, 70)",0.17850000000000002,2491,0.67442794058611,-3.5163913968910207e-06,-0.008759330969655532,0.9967688236307451
2887,gap_go,"(0.005,)",0.17850000000000002,132,0.3409090909090909,-0.0015973417780819753,-0.21084911470682074,0.7318322642238736
2887,gap_go,"(0.008,)",0.17850000000000002,63,0.3492063492063492,-0.001252416032502275,-0.07890221004764333,0.8140025975913424
2891,orb,"(5, False)",0.17850000000000002,888,0.30855855855855857,-0.002503172035062154,-2.2228167671351926,0.4493078987404342
2891,orb,"(10, False)",0.17850000000000002,774,0.3087855297157623,-0.0025470305176221904,-1.9714016206395755,0.43677529557100686
2891,orb,"(15, False)",0.17850000000000002,710,0.30704225352112674,-0.0026727167082557513,-1.8976288628615834,0.41530318359490187
2891,orb,"(30, False)",0.17850000000000002,551,0.3103448275862069,-0.002548178172065422,-1.4040461728080476,0.4101857666052188
2891,orb_long_only,"(5, True)",0.17850000000000002,455,0.3274725274725275,-0.0018200938041935504,-0.8281426809080654,0.5678721152046597
2891,orb_long_only,"(10, True)",0.17850000000000002,399,0.3233082706766917,-0.001841678107952058,-0.7348295650728711,0.5610714110540963
2891,orb_long_only,"(15, True)",0.17850000000000002,357,0.34173669467787116,-0.0017734380078825854,-0.633117368814083,0.5724774149440415
2891,orb_long_only,"(30, True)",0.17850000000000002,283,0.34275618374558303,-0.0016656749504672646,-0.47138601098223587,0.5749817321465492
2891,orb_vwap_long,"(10,)",0.17850000000000002,396,0.32575757575757575,-0.0018228285435093622,-0.7218401032297074,0.5654587311394487
2891,orb_vwap_long,"(15,)",0.17850000000000002,356,0.34269662921348315,-0.00176684247251672,-0.6289959202159523,0.5740751083349017
2891,orb_vwap_long,"(30,)",0.17850000000000002,282,0.34397163120567376,-0.0016569665332769685,-0.46726456238410513,0.5771263588280365
2891,vwap_pullback,"(None,)",0.17850000000000002,552,0.5398550724637681,-0.0003527497117811397,-0.1947178409031891,0.813984150261919
2891,momentum,"(15,)",0.17850000000000002,1066,0.25328330206378985,-0.0027727054563247856,-2.9557040164422212,0.36416942294814764
2891,momentum,"(30,)",0.17850000000000002,824,0.26941747572815533,-0.00266854759219369,-2.1988832159676006,0.3643345858874804
2891,momentum,"(60,)",0.17850000000000002,625,0.2592,-0.0027163302104857507,-1.6977063815535942,0.2998304813406433
2891,rsi_revert,"(25, 75)",0.17850000000000002,2639,0.3334596438044714,-0.0008946823899901409,-2.361066827183982,0.36560325075729594
2891,rsi_revert,"(30, 70)",0.17850000000000002,3549,0.34714003944773175,-0.0008304209125166029,-2.9471638185214237,0.39393340422998185
2891,gap_go,"(0.005,)",0.17850000000000002,139,0.3237410071942446,-0.003494785326349655,-0.48577516036260204,0.4592812628520341
2891,gap_go,"(0.008,)",0.17850000000000002,71,0.2112676056338028,-0.006854548762026307,-0.4866729621038678,0.18184535538619842
3231,orb,"(5, False)",0.17850000000000002,75,0.48,-0.002575064337143317,-0.19312982528574876,0.6701334651581701
3231,orb,"(10, False)",0.17850000000000002,65,0.49230769230769234,-0.0017012877644495472,-0.11058370468922056,0.7488783044957751
3231,orb,"(15, False)",0.17850000000000002,58,0.5172413793103449,-0.0008184541821484775,-0.047470342564611696,0.8596632284784774
3231,orb,"(30, False)",0.17850000000000002,51,0.49019607843137253,-0.0033602822923206304,-0.17137439690835216,0.5318977717352249
3231,orb_long_only,"(5, True)",0.17850000000000002,41,0.3170731707317073,-0.00672626876498526,-0.27577701936439564,0.3791117794740155
3231,orb_long_only,"(10, True)",0.17850000000000002,32,0.34375,-0.005199265610892305,-0.16637649954855377,0.4204600106347333
3231,orb_long_only,"(15, True)",0.17850000000000002,25,0.44,-0.0022997209305477594,-0.05749302326369399,0.6406214664827062
3231,orb_long_only,"(30, True)",0.17850000000000002,21,0.38095238095238093,-0.0046443569286160075,-0.09753149550093615,0.43391883580492574
3231,orb_vwap_long,"(10,)",0.17850000000000002,32,0.34375,-0.005199265610892305,-0.16637649954855377,0.4204600106347333
3231,orb_vwap_long,"(15,)",0.17850000000000002,25,0.44,-0.0022997209305477594,-0.05749302326369399,0.6406214664827062
3231,orb_vwap_long,"(30,)",0.17850000000000002,21,0.38095238095238093,-0.0046443569286160075,-0.09753149550093615,0.43391883580492574
3231,vwap_pullback,"(None,)",0.17850000000000002,50,0.64,-0.002714484050706378,-0.1357242025353189,0.5098492048314377
3231,momentum,"(15,)",0.17850000000000002,93,0.40860215053763443,-0.0032022707214586746,-0.29781117709565674,0.5610619519004414
3231,momentum,"(30,)",0.17850000000000002,74,0.3783783783783784,-0.004005511577516086,-0.29640785673619036,0.4676684496127774
3231,momentum,"(60,)",0.17850000000000002,60,0.35,-0.003532622216129114,-0.21195733296774685,0.4710951450608961
3231,rsi_revert,"(25, 75)",0.17850000000000002,279,0.6738351254480287,-1.1143120292908696e-05,-0.0031089305617215263,0.9946035100368384
3231,rsi_revert,"(30, 70)",0.17850000000000002,348,0.6752873563218391,9.939455367172951e-05,0.03458930467776187,1.0491709937479123
3231,gap_go,"(0.005,)",0.17850000000000002,27,0.37037037037037035,0.0012199630752177397,0.032939003030878974,1.1591301255849649
3231,gap_go,"(0.008,)",0.17850000000000002,23,0.34782608695652173,0.002138260389022058,0.04917998894750734,1.2783933792009767
3481,orb,"(5, False)",0.17850000000000002,878,0.37813211845102507,-0.0025795489173823477,-2.264843949461701,0.6911172870121162
3481,orb,"(10, False)",0.17850000000000002,763,0.3853211009174312,-0.002921136891826844,-2.228827448463882,0.65444168262749
3481,orb,"(15, False)",0.17850000000000002,671,0.40238450074515647,-0.0026533772325001976,-1.7804161230076325,0.6728412490806887
3481,orb,"(30, False)",0.17850000000000002,556,0.368705035971223,-0.0030167032707597075,-1.6772870185423974,0.6019027679769056
3481,orb_long_only,"(5, True)",0.17850000000000002,402,0.3208955223880597,-0.004031339461233629,-1.6205984634159187,0.5743074704632968
3481,orb_long_only,"(10, True)",0.17850000000000002,337,0.32344213649851633,-0.0038094155684884677,-1.2837730465806136,0.591762921842408
3481,orb_long_only,"(15, True)",0.17850000000000002,289,0.328719723183391,-0.0037506296846955296,-1.083931978877008,0.5936832236276351
3481,orb_long_only,"(30, True)",0.17850000000000002,233,0.31759656652360513,-0.0039351681183603625,-0.9168941715779644,0.5378313793715754
3481,orb_vwap_long,"(10,)",0.17850000000000002,337,0.32047477744807124,-0.0038357339953088614,-1.2926423564190863,0.5894630865706385
3481,orb_vwap_long,"(15,)",0.17850000000000002,289,0.328719723183391,-0.0037506296846955296,-1.083931978877008,0.5936832236276351
3481,orb_vwap_long,"(30,)",0.17850000000000002,233,0.31759656652360513,-0.0039351681183603625,-0.9168941715779644,0.5378313793715754
3481,vwap_pullback,"(None,)",0.17850000000000002,557,0.6929982046678635,-0.0008684341527199166,-0.48371782306499356,0.7635853656466592
3481,momentum,"(15,)",0.17850000000000002,986,0.3154158215010142,-0.0031983955970939213,-3.1536180587346063,0.5863683416966393
3481,momentum,"(30,)",0.17850000000000002,782,0.32864450127877237,-0.0032852871361156452,-2.5690945404424346,0.5624871224293292
3481,momentum,"(60,)",0.17850000000000002,557,0.3518850987432675,-0.0017429958393319332,-0.9708486825078868,0.7083610720103652
3481,rsi_revert,"(25, 75)",0.17850000000000002,2580,0.6612403100775194,2.066037246977827e-05,0.053303760972027936,1.0096648986734476
3481,rsi_revert,"(30, 70)",0.17850000000000002,3349,0.6613914601373544,-4.101785894732278e-05,-0.13736880961458398,0.9812136791946364
3481,gap_go,"(0.005,)",0.17850000000000002,277,0.27075812274368233,-0.0013638862585294191,-0.3777964936126491,0.8518242280056529
3481,gap_go,"(0.008,)",0.17850000000000002,207,0.2560386473429952,-0.0013966801937770263,-0.2891128001118444,0.8542854970454102
6770,orb,"(5, False)",0.17850000000000002,867,0.4290657439446367,-0.0009569789364653977,-0.8297007379154998,0.8826748266090553
6770,orb,"(10, False)",0.17850000000000002,761,0.4454664914586071,-0.0008612748662038736,-0.6554301731811478,0.8877583058706515
6770,orb,"(15, False)",0.17850000000000002,665,0.4706766917293233,-0.00024286522394648038,-0.16150537392440945,0.9657052448653627
6770,orb,"(30, False)",0.17850000000000002,553,0.46473779385171793,-0.0005508737989132691,-0.3046332107990378,0.916286864951883
6770,orb_long_only,"(5, True)",0.17850000000000002,402,0.3407960199004975,-0.0035137863515425395,-1.4125421133201008,0.6381723216898216
6770,orb_long_only,"(10, True)",0.17850000000000002,350,0.3457142857142857,-0.003872138461686028,-1.35524846159011,0.5942725554018077
6770,orb_long_only,"(15, True)",0.17850000000000002,297,0.37037037037037035,-0.003351268685321387,-0.995326799540452,0.6323425025465711
6770,orb_long_only,"(30, True)",0.17850000000000002,237,0.37130801687763715,-0.0028054659528608463,-0.6648954308280206,0.6500386201473516
6770,orb_vwap_long,"(10,)",0.17850000000000002,350,0.3457142857142857,-0.003908046932172279,-1.3678164262602974,0.5907356587259589
6770,orb_vwap_long,"(15,)",0.17850000000000002,297,0.37037037037037035,-0.0033729151174898,-1.0017557898944707,0.6299677382924567
6770,orb_vwap_long,"(30,)",0.17850000000000002,237,0.37130801687763715,-0.0028054659528608463,-0.6648954308280206,0.6500386201473516
6770,vwap_pullback,"(None,)",0.17850000000000002,574,0.6602787456445993,-0.0015823769524152213,-0.908284370686337,0.6226927070204773
6770,momentum,"(15,)",0.17850000000000002,1021,0.38001958863858964,-0.001882920560657644,-1.9224618924314545,0.7404917188563706
6770,momentum,"(30,)",0.17850000000000002,809,0.4289245982694685,-0.0014167480462316524,-1.1461491694014068,0.7906636390541444
6770,momentum,"(60,)",0.17850000000000002,653,0.41807044410413474,-0.0018053905316225227,-1.1789200171495073,0.6945358009389035
6770,rsi_revert,"(25, 75)",0.17850000000000002,3074,0.5992192582953806,-0.0006374950144485469,-1.9596596744148331,0.7342830391577224
6770,rsi_revert,"(30, 70)",0.17850000000000002,3956,0.5856926188068756,-0.0007659862621742255,-3.0302416531612364,0.6913552387291305
6770,gap_go,"(0.005,)",0.17850000000000002,294,0.2585034013605442,-0.002284904378055033,-0.6717618871481796,0.7405920519326784
6770,gap_go,"(0.008,)",0.17850000000000002,219,0.2465753424657534,-0.0028008190755777563,-0.6133793775515286,0.6961184923355346
