symbol,orb_m,exit_type,tp,sl,breakeven_ticks,n,win_rate,avg_pnl,total_pnl,pf
2408,5,orb_stop,區間停損,區間停損,11.602500000000001,901,0.44950055493895674,0.0006134835636588946,0.552748690856664,1.071941944454591
2408,5,tick,+4檔,-2檔,11.602500000000001,34836,0.22895854862785625,-0.001823327932287398,-63.51745184916379,0.17783937292151852
2408,5,tick,+5檔,-2檔,11.602500000000001,34581,0.23032879326797953,-0.0018248826313955432,-63.106266276289276,0.18007875670533405
2408,5,tick,+5檔,-3檔,11.602500000000001,34581,0.23032879326797953,-0.0018248826313955432,-63.106266276289276,0.18007875670533405
2408,5,tick,+6檔,-3檔,11.602500000000001,30529,0.29994431524124604,-0.0018323234024404205,-55.9390011531036,0.21931336770894205
2408,5,tick,+6檔,-4檔,11.602500000000001,30529,0.29994431524124604,-0.0018323234024404205,-55.9390011531036,0.21931336770894205
2408,5,tick,+8檔,-4檔,11.602500000000001,30529,0.29994431524124604,-0.0018323234024404205,-55.9390011531036,0.21931336770894205
2408,5,tick,+8檔,-5檔,11.602500000000001,30401,0.30084536692871944,-0.0018315995397658335,-55.6824576084211,0.21987848061721343
2408,5,tick,+10檔,-5檔,11.602500000000001,29515,0.2964933084872099,-0.0018347984364853447,-54.15407585286495,0.22919817111479152
2408,5,tick,+10檔,-6檔,11.602500000000001,26748,0.32073426050545834,-0.0018092567854149108,-48.39400049627803,0.2484391232033436
2408,5,tick,+12檔,-6檔,11.602500000000001,22266,0.3667025958861044,-0.0018356412940533037,-40.87238905339086,0.308020624534295
2408,5,pct,+0.20%,-0.10%,11.602500000000001,25393,0.37407947072027725,-0.0018547606542940749,-47.09793729448944,0.2846405080525034
2408,5,pct,+0.30%,-0.15%,11.602500000000001,18683,0.38157683455547825,-0.0018397691132431668,-34.37240634272209,0.3760957679525769
2408,5,pct,+0.40%,-0.20%,11.602500000000001,13500,0.3797037037037037,-0.0018022111323640904,-24.32985028691522,0.46397195447980893
2408,5,pct,+0.50%,-0.25%,11.602500000000001,10838,0.3745155932828935,-0.0018040885728190313,-19.55271195221266,0.513434519550722
2408,5,pct,+0.60%,-0.30%,11.602500000000001,9160,0.36331877729257644,-0.0017979340320231237,-16.469075733331813,0.548846211803939
2408,10,orb_stop,區間停損,區間停損,11.602500000000001,774,0.4754521963824289,0.0010264427004672257,0.7944666501616328,1.1251040226575995
2408,10,tick,+4檔,-2檔,11.602500000000001,30313,0.22389733777587173,-0.0018244801394606365,-55.305466467470275,0.17107090876738817
2408,10,tick,+5檔,-2檔,11.602500000000001,30089,0.22553092492272925,-0.0018257704275149314,-54.93560639349677,0.17338150210555178
2408,10,tick,+5檔,-3檔,11.602500000000001,30089,0.22553092492272925,-0.0018257704275149314,-54.93560639349677,0.17338150210555178
2408,10,tick,+6檔,-3檔,11.602500000000001,26469,0.2962333295553289,-0.0018324028180540432,-48.50187019107247,0.2132253329432212
2408,10,tick,+6檔,-4檔,11.602500000000001,26469,0.2962333295553289,-0.0018324028180540432,-48.50187019107247,0.2132253329432212
2408,10,tick,+8檔,-4檔,11.602500000000001,26469,0.2962333295553289,-0.0018324028180540432,-48.50187019107247,0.2132253329432212
2408,10,tick,+8檔,-5檔,11.602500000000001,26348,0.29725216335205706,-0.0018300849773537802,-48.2190789833174,0.21399091134873946
2408,10,tick,+10檔,-5檔,11.602500000000001,25548,0.2932519179583529,-0.0018325615408818316,-46.81828224644904,0.22381164913552284
2408,10,tick,+10檔,-6檔,11.602500000000001,23074,0.31776024963162003,-0.0018071710995308868,-41.69866595057568,0.24300838501816757
2408,10,tick,+12檔,-6檔,11.602500000000001,19144,0.3638737985791893,-0.0018339396374147487,-35.10894041866795,0.3045345275818003
2408,10,pct,+0.20%,-0.10%,11.602500000000001,21967,0.37041926526152863,-0.0018576404474623435,-40.8067877094053,0.27879760029608747
2408,10,pct,+0.30%,-0.15%,11.602500000000001,16100,0.3802484472049689,-0.0018322549088493954,-29.499304032475266,0.3722179044818228
2408,10,pct,+0.40%,-0.20%,11.602500000000001,11491,0.3806457227395353,-0.0017630492365979852,-20.259198777747446,0.46901771269666254
2408,10,pct,+0.50%,-0.25%,11.602500000000001,9248,0.375,-0.0017655596320301254,-16.3278954770146,0.5162772779574306
2408,10,pct,+0.60%,-0.30%,11.602500000000001,7836,0.36510974987238387,-0.0017384705228073215,-13.622655016718172,0.5557752674806921
2408,15,orb_stop,區間停損,區間停損,11.602500000000001,707,0.4837340876944837,0.0013941130969925754,0.9856379595737508,1.1789340761730174
2408,15,tick,+4檔,-2檔,11.602500000000001,27427,0.2227002588689977,-0.0018251564167955164,-50.05856504345063,0.168242518783853
2408,15,tick,+5檔,-2檔,11.602500000000001,27222,0.22430387186834178,-0.0018264446436821128,-49.71947609031447,0.17061134374749928
2408,15,tick,+5檔,-3檔,11.602500000000001,27222,0.22430387186834178,-0.0018264446436821128,-49.71947609031447,0.17061134374749928
2408,15,tick,+6檔,-3檔,11.602500000000001,23905,0.2967580004183225,-0.0018316849323412768,-43.78642830761822,0.2114179823653845
2408,15,tick,+6檔,-4檔,11.602500000000001,23905,0.2967580004183225,-0.0018316849323412768,-43.78642830761822,0.2114179823653845
2408,15,tick,+8檔,-4檔,11.602500000000001,23905,0.2967580004183225,-0.0018316849323412768,-43.78642830761822,0.2114179823653845
2408,15,tick,+8檔,-5檔,11.602500000000001,23798,0.29771409362131274,-0.001830057725134092,-43.55171374274112,0.21209658591085398
2408,15,tick,+10檔,-5檔,11.602500000000001,23043,0.2935815649004036,-0.0018332280470658312,-42.24307388853795,0.22207556169497727
2408,15,tick,+10檔,-6檔,11.602500000000001,20785,0.3184989174885735,-0.0018052440217887328,-37.52199699287881,0.2417434423922208
2408,15,tick,+12檔,-6檔,11.602500000000001,17201,0.36544386954246844,-0.001835821384398076,-31.577963633031302,0.30316571883261584
2408,15,pct,+0.20%,-0.10%,11.602500000000001,19838,0.36878717612662565,-0.0018644258915999717,-36.98648083756024,0.27545137401879943
2408,15,pct,+0.30%,-0.15%,11.602500000000001,14471,0.37993227834980303,-0.0018301813221078516,-26.484553912222722,0.37097396190172843
2408,15,pct,+0.40%,-0.20%,11.602500000000001,10316,0.3793136874757658,-0.0017654331109605464,-18.212207972668995,0.46693097601958766
2408,15,pct,+0.50%,-0.25%,11.602500000000001,8314,0.3728650469088285,-0.0017648861629553148,-14.673263558810488,0.5142180215609347
2408,15,pct,+0.60%,-0.30%,11.602500000000001,7035,0.36432125088841505,-0.001737588444756327,-12.22393470886076,0.5537255047431127
2344,5,orb_stop,區間停損,區間停損,4.542825000000001,919,0.4134929270946681,-0.0017908248030205952,-1.645767993975927,0.7981031279269138
2344,5,tick,+4檔,-2檔,4.542825000000001,29434,0.40347896989875653,-0.00195709617160859,-57.605168715127235,0.23561899588130722
2344,5,tick,+5檔,-2檔,4.542825000000001,27193,0.3856874931048432,-0.001993266119899179,-54.20288559841838,0.24585666784859433
2344,5,tick,+5檔,-3檔,4.542825000000001,27193,0.3856874931048432,-0.001993266119899179,-54.20288559841838,0.24585666784859433
2344,5,tick,+6檔,-3檔,4.542825000000001,20131,0.3170731707317073,-0.0021464656003402135,-43.210499000448834,0.2960577012943455
2344,5,tick,+6檔,-4檔,4.542825000000001,20131,0.3170731707317073,-0.0021464656003402135,-43.210499000448834,0.2960577012943455
2344,5,tick,+8檔,-4檔,4.542825000000001,20131,0.3170731707317073,-0.0021464656003402135,-43.210499000448834,0.2960577012943455
2344,5,tick,+8檔,-5檔,4.542825000000001,18631,0.33519403145295473,-0.00208783303618778,-38.89841729721453,0.3129284217218457
2344,5,tick,+10檔,-5檔,4.542825000000001,17965,0.32785972724742557,-0.0021066344815602687,-37.845688461230225,0.31633659775877343
2344,5,tick,+10檔,-6檔,4.542825000000001,14215,0.39486457966936334,-0.0019136007143304423,-27.201834154207237,0.38098385433598697
2344,5,tick,+12檔,-6檔,4.542825000000001,12581,0.4230188379302122,-0.0019623521550693303,-24.688352462927245,0.40747415293178585
2344,5,pct,+0.20%,-0.10%,4.542825000000001,25590,0.4211410707307542,-0.002009387994502503,-51.42023877931906,0.2749705921310439
2344,5,pct,+0.30%,-0.15%,4.542825000000001,18974,0.35158638136397175,-0.002175335765546701,-41.27482081548311,0.3289142417973777
2344,5,pct,+0.40%,-0.20%,4.542825000000001,14571,0.3298332303891291,-0.002238006923610024,-32.609998883921655,0.37498880917653665
2344,5,pct,+0.50%,-0.25%,4.542825000000001,11597,0.31059756833663876,-0.002314894416617174,-26.84583054950937,0.41030789300085385
2344,5,pct,+0.60%,-0.30%,4.542825000000001,8451,0.32576026505738964,-0.0022877844988748296,-19.334066799991184,0.47452945285134635
2344,10,orb_stop,區間停損,區間停損,4.542825000000001,796,0.43090452261306533,-0.001787774453686063,-1.4230684651341061,0.7952570602862572
2344,10,tick,+4檔,-2檔,4.542825000000001,25451,0.3929904522415622,-0.0020081604001285984,-51.10969034367295,0.2227645840119028
2344,10,tick,+5檔,-2檔,4.542825000000001,23529,0.37553657189000805,-0.0020454473507450937,-48.12733071568131,0.23255036139135005
2344,10,tick,+5檔,-3檔,4.542825000000001,23529,0.37553657189000805,-0.0020454473507450937,-48.12733071568131,0.23255036139135005
2344,10,tick,+6檔,-3檔,4.542825000000001,17429,0.3037466291812496,-0.0022071872813272313,-38.46906712625231,0.28071939905452664
2344,10,tick,+6檔,-4檔,4.542825000000001,17429,0.3037466291812496,-0.0022071872813272313,-38.46906712625231,0.28071939905452664
2344,10,tick,+8檔,-4檔,4.542825000000001,17429,0.3037466291812496,-0.0022071872813272313,-38.46906712625231,0.28071939905452664
2344,10,tick,+8檔,-5檔,4.542825000000001,16045,0.3224057338734808,-0.0021429471178901725,-34.38358650654782,0.29817359296500495
2344,10,tick,+10檔,-5檔,4.542825000000001,15515,0.31524331292297775,-0.0021633315369233904,-33.5640887953664,0.3012969389046258
2344,10,tick,+10檔,-6檔,4.542825000000001,12111,0.3848567418049707,-0.0019480447581860278,-23.592770066390983,0.37045263490026786
2344,10,tick,+12檔,-6檔,4.542825000000001,10688,0.41729041916167664,-0.0019946118493693378,-21.318411446059482,0.3987205908008351
2344,10,pct,+0.20%,-0.10%,4.542825000000001,22102,0.41100352909238985,-0.0020628932894810026,-45.594067484109125,0.2621437165078539
2344,10,pct,+0.30%,-0.15%,4.542825000000001,16438,0.34134322910329723,-0.0022343764595012107,-36.7286802412809,0.31420993176011125
2344,10,pct,+0.40%,-0.20%,4.542825000000001,12600,0.3229365079365079,-0.0022922122850031327,-28.881874791039472,0.360799313202629
2344,10,pct,+0.50%,-0.25%,4.542825000000001,10015,0.3036445332001997,-0.002376471581900597,-23.800362892734476,0.39460616684539934
2344,10,pct,+0.60%,-0.30%,4.542825000000001,7256,0.3182194046306505,-0.002364240604077112,-17.154929823183526,0.45779367633874324
2344,15,orb_stop,區間停損,區間停損,4.542825000000001,718,0.4428969359331476,-0.0018044550757361246,-1.2955987443785375,0.7871835716397966
2344,15,tick,+4檔,-2檔,4.542825000000001,22615,0.3898739774485961,-0.0020372222247523226,-46.07178061277378,0.21628752573012416
2344,15,tick,+5檔,-2檔,4.542825000000001,20988,0.37297503335239185,-0.0020722410650121487,-43.492195472474975,0.22588101633524976
2344,15,tick,+5檔,-3檔,4.542825000000001,20988,0.37297503335239185,-0.0020722410650121487,-43.492195472474975,0.22588101633524976
2344,15,tick,+6檔,-3檔,4.542825000000001,15519,0.29892389973580774,-0.0022367756213554466,-34.71252086781517,0.27327797973766904
2344,15,tick,+6檔,-4檔,4.542825000000001,15519,0.29892389973580774,-0.0022367756213554466,-34.71252086781517,0.27327797973766904
2344,15,tick,+8檔,-4檔,4.542825000000001,15519,0.29892389973580774,-0.0022367756213554466,-34.71252086781517,0.27327797973766904
2344,15,tick,+8檔,-5檔,4.542825000000001,14271,0.3178473828042884,-0.0021664558904935095,-30.917492013232877,0.2915661246054634
2344,15,tick,+10檔,-5檔,4.542825000000001,13824,0.31004050925925924,-0.0021914596134321694,-30.294737696086308,0.2935762675972521
2344,15,tick,+10檔,-6檔,4.542825000000001,10801,0.37913156189241737,-0.0019651503386257136,-21.225588807496333,0.36336176988072283
2344,15,tick,+12檔,-6檔,4.542825000000001,9533,0.414245253330536,-0.00201877484562995,-19.24498060339031,0.390651459788137
2344,15,pct,+0.20%,-0.10%,4.542825000000001,19633,0.4069678602353181,-0.0020929410862328816,-41.090712346010164,0.25600460782347095
2344,15,pct,+0.30%,-0.15%,4.542825000000001,14547,0.33711418161820306,-0.0022683135261090857,-32.99715686430887,0.307678224637189
2344,15,pct,+0.40%,-0.20%,4.542825000000001,11170,0.3215756490599821,-0.002313652478077246,-25.84349818012284,0.3561389427887954
2344,15,pct,+0.50%,-0.25%,4.542825000000001,8830,0.302718006795017,-0.0023963919958031005,-21.160141322941378,0.39105625818656065
2344,15,pct,+0.60%,-0.30%,4.542825000000001,6455,0.31386522075910145,-0.002404586182888979,-15.52160381054836,0.4489994205918406
2337,5,orb_stop,區間停損,區間停損,4.80165,897,0.3935340022296544,-0.0012807952333403093,-1.1488733243062574,0.8480350351285376
2337,5,tick,+4檔,-2檔,4.80165,27641,0.39423320429796316,-0.0019210449241120065,-53.099602747379976,0.2244474894172936
2337,5,tick,+5檔,-2檔,4.80165,25494,0.38020710755471876,-0.001945211814279302,-49.591229993236524,0.2423912973394365
2337,5,tick,+5檔,-3檔,4.80165,25494,0.38020710755471876,-0.001945211814279302,-49.591229993236524,0.2423912973394365
2337,5,tick,+6檔,-3檔,4.80165,18458,0.3413695958392025,-0.0020846249365601005,-38.478007079026334,0.31574688612978025
2337,5,tick,+6檔,-4檔,4.80165,18458,0.3413695958392025,-0.0020846249365601005,-38.478007079026334,0.31574688612978025
2337,5,tick,+8檔,-4檔,4.80165,18458,0.3413695958392025,-0.0020846249365601005,-38.478007079026334,0.31574688612978025
2337,5,tick,+8檔,-5檔,4.80165,17216,0.35885223048327136,-0.002054952539788296,-35.378062924995305,0.33068948815546073
2337,5,tick,+10檔,-5檔,4.80165,16354,0.3464595817536994,-0.002079268124898868,-34.00435091459609,0.3364066658819984
2337,5,tick,+10檔,-6檔,4.80165,12241,0.4372191814394249,-0.001930151176492261,-23.62698055144177,0.4120702185197507
2337,5,tick,+12檔,-6檔,4.80165,11141,0.4233910780001795,-0.0019755368017823406,-22.009455508657055,0.42934456974614643
2337,5,pct,+0.20%,-0.10%,4.80165,22493,0.4057706842128662,-0.0019964164659222396,-44.90539556798893,0.27972500806947187
2337,5,pct,+0.30%,-0.15%,4.80165,17233,0.34776301282423255,-0.0020927055713812945,-36.06359511161385,0.33783728886810677
2337,5,pct,+0.40%,-0.20%,4.80165,12337,0.33598119477993027,-0.002117621939439506,-26.125101866865183,0.40826976943056625
2337,5,pct,+0.50%,-0.25%,4.80165,9186,0.33594600478989767,-0.002109795484257826,-19.380581318392387,0.46700054705799077
2337,5,pct,+0.60%,-0.30%,4.80165,7598,0.337193998420637,-0.002127634451872975,-16.165766565330863,0.5017935446521824
2337,10,orb_stop,區間停損,區間停損,4.80165,754,0.42572944297082227,-0.0009068323433414357,-0.6837515868794425,0.8886048793456784
2337,10,tick,+4檔,-2檔,4.80165,23690,0.3884761502743774,-0.0019482305641525125,-46.15358206477302,0.21907539670708484
2337,10,tick,+5檔,-2檔,4.80165,21821,0.3744557994592365,-0.001974871075702591,-43.093661742906235,0.23660247443765328
2337,10,tick,+5檔,-3檔,4.80165,21821,0.3744557994592365,-0.001974871075702591,-43.093661742906235,0.23660247443765328
2337,10,tick,+6檔,-3檔,4.80165,15836,0.3348699166456176,-0.0021285069323195766,-33.70703578021281,0.30586821361549255
2337,10,tick,+6檔,-4檔,4.80165,15836,0.3348699166456176,-0.0021285069323195766,-33.70703578021281,0.30586821361549255
2337,10,tick,+8檔,-4檔,4.80165,15836,0.3348699166456176,-0.0021285069323195766,-33.70703578021281,0.30586821361549255
2337,10,tick,+8檔,-5檔,4.80165,14745,0.3520515428958969,-0.002100299531829797,-30.96891659683036,0.32045567500126854
2337,10,tick,+10檔,-5檔,4.80165,14012,0.3399229232086783,-0.002126140674033251,-29.79148312455391,0.3259905322720141
2337,10,tick,+10檔,-6檔,4.80165,10532,0.4313520698822636,-0.001970196054128603,-20.750104842082447,0.40168518879745446
2337,10,tick,+12檔,-6檔,4.80165,9586,0.4183183809722512,-0.002018507514649232,-19.34941303542754,0.4184694450453454
2337,10,pct,+0.20%,-0.10%,4.80165,19350,0.4006201550387597,-0.002032030929356448,-39.319798483047265,0.27207923294012776
2337,10,pct,+0.30%,-0.15%,4.80165,14769,0.3422032635926603,-0.0021411506305511097,-31.62265366260934,0.3276590628862189
2337,10,pct,+0.40%,-0.20%,4.80165,10607,0.3293108324691242,-0.002169521030281588,-23.012109568196806,0.3961790730587182
2337,10,pct,+0.50%,-0.25%,4.80165,7861,0.3315099860068694,-0.0021605231283885517,-16.983872312262406,0.45612857810391244
2337,10,pct,+0.60%,-0.30%,4.80165,6523,0.33220910623946037,-0.002180102436807892,-14.22080819529788,0.4907564057897716
2337,15,orb_stop,區間停損,區間停損,4.80165,680,0.4338235294117647,-0.0009111026010743514,-0.619549768730559,0.8845757564066267
2337,15,tick,+4檔,-2檔,4.80165,21140,0.3845789971617786,-0.0019663049936094867,-41.567687564904546,0.21465168185816577
2337,15,tick,+5檔,-2檔,4.80165,19463,0.3711144222370652,-0.0019937444503933663,-38.80424823800609,0.2319973847896843
2337,15,tick,+5檔,-3檔,4.80165,19463,0.3711144222370652,-0.0019937444503933663,-38.80424823800609,0.2319973847896843
2337,15,tick,+6檔,-3檔,4.80165,14132,0.33208321539767904,-0.0021598324742808112,-30.522752526536422,0.2982968276936654
2337,15,tick,+6檔,-4檔,4.80165,14132,0.33208321539767904,-0.0021598324742808112,-30.522752526536422,0.2982968276936654
2337,15,tick,+8檔,-4檔,4.80165,14132,0.33208321539767904,-0.0021598324742808112,-30.522752526536422,0.2982968276936654
2337,15,tick,+8檔,-5檔,4.80165,13155,0.3491448118586089,-0.0021298043690386754,-28.017576474703773,0.31274172182002563
2337,15,tick,+10檔,-5檔,4.80165,12562,0.3373666613596561,-0.0021589206259127144,-27.120360902715518,0.3167349274351339
2337,15,tick,+10檔,-6檔,4.80165,9417,0.4299670808112987,-0.0020008169918840513,-18.84169361257211,0.391695826615061
2337,15,tick,+12檔,-6檔,4.80165,8546,0.41738825181371403,-0.002052315111445499,-17.539084942413233,0.4081725695501695
2337,15,pct,+0.20%,-0.10%,4.80165,17272,0.3985641500694766,-0.002054416121357446,-35.48387524808581,0.26643796651691387
2337,15,pct,+0.30%,-0.15%,4.80165,13161,0.3400197553377403,-0.0021730332452358225,-28.599290540548658,0.3204217210103109
2337,15,pct,+0.40%,-0.20%,4.80165,9462,0.32667512153878675,-0.00220792232133414,-20.891361004463633,0.3875907306911952
2337,15,pct,+0.50%,-0.25%,4.80165,6975,0.32731182795698927,-0.002213216757933401,-15.43718688658547,0.4444135993499981
2337,15,pct,+0.60%,-0.30%,4.80165,5767,0.3285937229061904,-0.0022277513819474485,-12.847442219690937,0.4799800550179993
