name,n,win_rate,avg_pnl,med_pnl,total_pnl_sum,profit_factor,avg_win,avg_loss,max_win,max_loss,avg_hold_days,add_rate
all|both|trail_ma20|add=None|tgt=None,19,0.15789473684210525,-0.008393060501692922,-0.01425039481105471,-0.15946814953216554,0.5642452140811611,0.06883010283116918,-0.022872403626604566,0.11738996447602132,-0.06986379136327589,10.789473684210526,0.0
all|ma20|macd_or_target|add=None|tgt=0.08,35,0.2571428571428571,-0.0049642451675149055,-0.018982781456953642,-0.1737485808630217,0.7328944713159277,0.0529708967009114,-0.025018717352739393,0.17129934354017876,-0.05403053636733035,13.314285714285715,0.0
strong|ma20|macd_or_target|add=None|tgt=0.08,30,0.23333333333333334,-0.005992956263465064,-0.019591951648669947,-0.17978868790395192,0.7048615539623058,0.061339800568732006,-0.026485534429785903,0.17129934354017876,-0.05403053636733035,13.4,0.0
all|ma20|trail_ma60|add=None|macd_stop=True,46,0.21739130434782608,-0.004616032966554202,-0.0042841390794423825,-0.2123375164614933,0.28320953903881046,0.008389621993164526,-0.008228714899809406,0.025350232666356443,-0.026675139161201632,1.9565217391304348,0.0
all|ma20|trail_ma60|add=0.05|macd_stop=True,46,0.21739130434782608,-0.004616032966554202,-0.0042841390794423825,-0.2123375164614933,0.28320953903881046,0.008389621993164526,-0.008228714899809406,0.025350232666356443,-0.026675139161201632,1.9565217391304348,0.0
strong|ma20|trail_ma60|add=None|macd_stop=False,37,0.21621621621621623,-0.005789649754028261,-0.005168546803403884,-0.21421704089904564,0.20132871036729763,0.006749967280459256,-0.00924885445319723,0.02012113715092161,-0.026675139161201632,1.2702702702702702,0.0
strong|ma20|trail_ma60|add=0.03|macd_stop=False,37,0.21621621621621623,-0.005789649754028261,-0.005168546803403884,-0.21421704089904564,0.20132871036729763,0.006749967280459256,-0.00924885445319723,0.02012113715092161,-0.026675139161201632,1.2702702702702702,0.0
strong|ma20|trail_ma60|add=0.05|macd_stop=False,37,0.21621621621621623,-0.005789649754028261,-0.005168546803403884,-0.21421704089904564,0.20132871036729763,0.006749967280459256,-0.00924885445319723,0.02012113715092161,-0.026675139161201632,1.2702702702702702,0.0
strong|ma20|trail_ma60|add=0.05|macd_stop=True,37,0.21621621621621623,-0.005789649754028261,-0.005168546803403884,-0.21421704089904564,0.20132871036729763,0.006749967280459256,-0.00924885445319723,0.02012113715092161,-0.026675139161201632,1.2702702702702702,0.0
strong|ma20|trail_ma60|add=0.03|macd_stop=True,37,0.21621621621621623,-0.005789649754028261,-0.005168546803403884,-0.21421704089904564,0.20132871036729763,0.006749967280459256,-0.00924885445319723,0.02012113715092161,-0.026675139161201632,1.2702702702702702,0.0
strong|ma20|trail_ma60|add=None|macd_stop=True,37,0.21621621621621623,-0.005789649754028261,-0.005168546803403884,-0.21421704089904564,0.20132871036729763,0.006749967280459256,-0.00924885445319723,0.02012113715092161,-0.026675139161201632,1.2702702702702702,0.0
all|ma20|trail_ma60|add=0.03|macd_stop=True,46,0.21739130434782608,-0.004952117726442893,-0.0042841390794423825,-0.22779741541637308,0.23102136107125243,0.006843632097676548,-0.008228714899809406,0.02012113715092161,-0.026675139161201632,1.9565217391304348,0.021739130434782608
strong|both|macd_or_target|add=None|tgt=0.08,17,0.17647058823529413,-0.013691951764874064,-0.020642573792066177,-0.2327631800028591,0.4560528375010041,0.06505062502662766,-0.03056536107733872,0.13412767103087714,-0.06986379136327589,11.294117647058824,0.0
all|both|macd_or_target|add=None|tgt=0.08,19,0.21052631578947367,-0.012464073259324568,-0.013762116009565272,-0.2368173919271668,0.46382243089110503,0.05121494479128513,-0.029445144739487162,0.13412767103087714,-0.06986379136327589,11.263157894736842,0.0
all|ma20|trail_ma60|add=None|macd_stop=False,46,0.17391304347826086,-0.005464416529548389,-0.004704094223706363,-0.2513631603592259,0.17683791479166033,0.006749967280459256,-0.008035865752707894,0.02012113715092161,-0.026675139161201632,2.217391304347826,0.0
all|ma20|trail_ma60|add=0.05|macd_stop=False,46,0.17391304347826086,-0.005464416529548389,-0.004704094223706363,-0.2513631603592259,0.17683791479166033,0.006749967280459256,-0.008035865752707894,0.02012113715092161,-0.026675139161201632,2.217391304347826,0.0
strong|both|trail_ma20|add=None|tgt=None,17,0.11764705882352941,-0.015476235176389505,-0.01498679525222552,-0.2630959979986216,0.2529848649405086,0.0445501720087431,-0.023479756134407188,0.0887141270283446,-0.06986379136327589,9.529411764705882,0.0
all|ma20|trail_ma60|add=0.03|macd_stop=False,46,0.17391304347826086,-0.005810051651695386,-0.0050442940481493295,-0.26726237597798774,0.16808623193712702,0.006749967280459256,-0.008454266163727943,0.02012113715092161,-0.026675139161201632,2.217391304347826,0.021739130434782608
strong|both|trail_ma60|add=None|macd_stop=True,19,0.15789473684210525,-0.014992753217892152,-0.011708415971629343,-0.28486231113995086,0.014573782317011928,0.0014043064947862362,-0.01806720191401935,0.0018240552735476596,-0.06986379136327589,3.473684210526316,0.0
strong|both|trail_ma60|add=0.05|macd_stop=True,19,0.15789473684210525,-0.014992753217892152,-0.011708415971629343,-0.28486231113995086,0.014573782317011928,0.0014043064947862362,-0.01806720191401935,0.0018240552735476596,-0.06986379136327589,3.473684210526316,0.0
strong|ma20|macd_or_target|add=0.03|tgt=0.08,30,0.23333333333333334,-0.010113514947552487,-0.022501414832783728,-0.3034054484265746,0.5280432316736962,0.048494512405305654,-0.02795074066363974,0.1530462731086928,-0.05403053636733035,13.4,0.23333333333333334
strong|both|macd_or_target|add=0.03|tgt=0.08,17,0.17647058823529413,-0.017968358185411353,-0.02484597754911132,-0.305462089151993,0.340834857507536,0.05264847957847635,-0.03310053770624444,0.11737383403169976,-0.08748364953653384,11.294117647058824,0.23529411764705882
all|both|macd_or_target|add=0.03|tgt=0.08,19,0.21052631578947367,-0.01629033163559478,-0.020642573792066177,-0.3095163010763008,0.3513495566303879,0.041913335705171646,-0.03181130959313249,0.11737383403169976,-0.08748364953653384,11.263157894736842,0.21052631578947367
all|ma20|macd_or_target|add=0.03|tgt=0.08,35,0.2571428571428571,-0.008921977963045169,-0.019512958660083263,-0.3122692287065809,0.5435904145506606,0.04132412953814239,-0.026314861328840863,0.1530462731086928,-0.05403053636733035,13.314285714285715,0.22857142857142856
all|ma20|macd_or_vol|add=None|tgt=None,35,0.2857142857142857,-0.009110609767383954,-0.01861574717884418,-0.31887134185843835,0.48515184603979783,0.030047892560525185,-0.02477401069854761,0.08895034602076125,-0.05403053636733035,12.885714285714286,0.0
strong|both|trail_ma60|add=0.03|macd_stop=True,19,0.15789473684210525,-0.016860778102348994,-0.011708415971629343,-0.3203547839446309,0.012980094568406219,0.0014043064947862362,-0.02028548146431185,0.0018240552735476596,-0.08748364953653384,3.473684210526316,0.10526315789473684
strong|both|macd_or_vol|add=None|tgt=None,17,0.23529411764705882,-0.018944329686750385,-0.020642573792066177,-0.3220536046747565,0.22989055011867693,0.024034596756925954,-0.03216861474634311,0.046510630963158994,-0.06986379136327589,11.117647058823529,0.0
strong|both|trail_ma60|add=0.05|macd_stop=False,19,0.15789473684210525,-0.017117989971303864,-0.012033802816901409,-0.32524180945477343,0.012787552019437121,0.0014043064947862362,-0.02059092055869576,0.0018240552735476596,-0.06986379136327589,3.789473684210526,0.0
strong|both|trail_ma60|add=None|macd_stop=False,19,0.15789473684210525,-0.017117989971303864,-0.012033802816901409,-0.32524180945477343,0.012787552019437121,0.0014043064947862362,-0.02059092055869576,0.0018240552735476596,-0.06986379136327589,3.789473684210526,0.0
all|both|macd_or_vol|add=None|tgt=None,19,0.2631578947368421,-0.017163569294687594,-0.013762116009565272,-0.3261078165990643,0.2450405939501489,0.021169258222592274,-0.030853864836573264,0.046510630963158994,-0.06986379136327589,11.105263157894736,0.0
all|both|trail_ma60|add=None|macd_stop=True,23,0.17391304347826086,-0.014482941054795122,-0.012033802816901409,-0.3331076442602878,0.04011435619869532,0.003480205892404064,-0.018264656201573904,0.009707904085257547,-0.06986379136327589,4.043478260869565,0.0
all|both|trail_ma60|add=0.05|macd_stop=True,23,0.17391304347826086,-0.014482941054795122,-0.012033802816901409,-0.3331076442602878,0.04011435619869532,0.003480205892404064,-0.018264656201573904,0.009707904085257547,-0.06986379136327589,4.043478260869565,0.0
all|both|trail_ma60|add=None|macd_stop=False,23,0.17391304347826086,-0.014923479278786147,-0.014368896164639851,-0.3432400234120814,0.1393453290420945,0.013893172144624313,-0.020990142736346244,0.051359769094138544,-0.06986379136327589,5.739130434782608,0.0
strong|both|macd_cross_up|add=None|tgt=None,17,0.17647058823529413,-0.020536603920387503,-0.020642573792066177,-0.3491222666465875,0.1841318446272452,0.02626426281205151,-0.03056536107733872,0.046510630963158994,-0.06986379136327589,11.705882352941176,0.0
strong|ma20|macd_or_vol|add=None|tgt=None,30,0.23333333333333334,-0.011725578136529172,-0.01879926431789891,-0.3517673440958752,0.3933146895326706,0.03257873123811709,-0.025209498380986725,0.08895034602076125,-0.05403053636733035,13.233333333333333,0.0
all|both|macd_cross_up|add=None|tgt=None,19,0.21052631578947367,-0.018588235714257648,-0.013762116009565272,-0.3531764785708953,0.20037416084363585,0.022125173130353018,-0.029445144739487162,0.046510630963158994,-0.06986379136327589,11.631578947368421,0.0
baseline_print,19,0.21052631578947367,-0.018588235714257648,-0.013762116009565272,-0.3531764785708953,0.20037416084363585,0.022125173130353018,-0.029445144739487162,0.046510630963158994,-0.06986379136327589,11.631578947368421,0.0
strong|both|trail_ma60|add=0.03|macd_stop=False,19,0.15789473684210525,-0.019004975167410294,-0.012033802816901409,-0.36109452818079557,0.011532531053734025,0.0014043064947862362,-0.022831715479072142,0.0018240552735476596,-0.08748364953653384,3.789473684210526,0.10526315789473684
strong|ma20|trail_ma20|add=None|tgt=None,32,0.09375,-0.011394624106303895,-0.01051088565839738,-0.36462797140172465,0.11373263087220134,0.015597286598333511,-0.014186890730921558,0.043300369926869954,-0.0532678870033579,4.40625,0.0
all|both|trail_ma60|add=0.03|macd_stop=True,23,0.17391304347826086,-0.01602609204630295,-0.012033802816901409,-0.36860011706496787,0.03639231762455219,0.003480205892404064,-0.02013268108603074,0.009707904085257547,-0.08748364953653384,4.043478260869565,0.08695652173913043
all|ma20|macd_cross_up|add=None|tgt=None,35,0.22857142857142856,-0.010668983861612755,-0.018982781456953642,-0.37341443515644646,0.42886770987985673,0.03504997800245571,-0.024215342932447852,0.08895034602076125,-0.05403053636733035,13.914285714285715,0.0
all|ma20|trail_ma20|add=None|tgt=None,37,0.13513513513513514,-0.010139218166100623,-0.008688283062645012,-0.3751510721457231,0.12454772873081323,0.010674302986030487,-0.01339133084612111,0.043300369926869954,-0.0532678870033579,4.594594594594595,0.0
strong|ma20|macd_cross_up|add=None|tgt=None,30,0.2,-0.012648484739912555,-0.019591951648669947,-0.3794545421973766,0.3804772214992175,0.038840059615427865,-0.025520620828747658,0.08895034602076125,-0.05403053636733035,14.1,0.0
all|both|trail_ma60|add=0.05|macd_stop=False,23,0.17391304347826086,-0.016594807640460677,-0.014368896164639851,-0.38168057573059555,0.04295784899752072,0.00428303406499575,-0.020990142736346244,0.012919216775624293,-0.06986379136327589,5.739130434782608,0.043478260869565216
strong|both|macd_or_vol|add=0.03|tgt=None,17,0.17647058823529413,-0.023352603836463398,-0.02484597754911132,-0.3969942652198778,0.127315329033849,0.019305734431759525,-0.03249367632251117,0.02605803161788242,-0.08748364953653384,11.117647058823529,0.23529411764705882
all|both|trail_ma60|add=0.03|macd_stop=False,23,0.17391304347826086,-0.01734261026054657,-0.014368896164639851,-0.39888003599257105,0.08232859619186393,0.008946348681007407,-0.022877127932452668,0.03157247523967092,-0.08748364953653384,5.739130434782608,0.13043478260869565
all|both|macd_or_vol|add=0.03|tgt=None,19,0.21052631578947367,-0.021107814586536083,-0.020642573792066177,-0.40104847714418557,0.14429041792298625,0.01690627684513403,-0.03124490563498145,0.02605803161788242,-0.08748364953653384,11.105263157894736,0.21052631578947367
strong|both|macd_cross_up|add=0.03|tgt=None,17,0.11764705882352941,-0.024944878070100516,-0.02484597754911132,-0.4240629271917088,0.0873193917340168,0.020285802351864644,-0.030975635459695876,0.02605803161788242,-0.08748364953653384,11.705882352941176,0.23529411764705882
all|both|macd_cross_up|add=0.03|tgt=None,19,0.15789473684210525,-0.022532481006106136,-0.020642573792066177,-0.42811713911601657,0.10510004409347573,0.01675983626299561,-0.02989979049406271,0.02605803161788242,-0.08748364953653384,11.631578947368421,0.21052631578947367
all|ma20|macd_or_vol|add=0.03|tgt=None,35,0.2857142857142857,-0.012706874223595687,-0.019512958660083263,-0.44474059782584907,0.3382883561900279,0.022736575240420377,-0.026884254009202115,0.06813856211930445,-0.05403053636733035,12.885714285714286,0.2
strong|ma20|macd_or_vol|add=0.03|tgt=None,30,0.23333333333333334,-0.01542442375807831,-0.021292534616489254,-0.4627327127423493,0.2684929926237546,0.024263118969529724,-0.02750324110995901,0.06813856211930445,-0.05403053636733035,13.233333333333333,0.2
strong|both|vol_spike|add=None|tgt=None,13,0.23076923076923078,-0.03857006613217992,-0.04176698068208919,-0.501410859718339,0.3025807223840468,0.07251365379680393,-0.07189518211087506,0.19266118260483692,-0.1387298334012932,52.0,0.0
strong|ma20|macd_cross_up|add=0.03|tgt=None,30,0.2,-0.01690559034635701,-0.023592827608886726,-0.5071677103907103,0.23762952086801786,0.026347212044266027,-0.027718790944012767,0.06813856211930445,-0.05403053636733035,14.1,0.23333333333333334
all|ma20|macd_cross_up|add=0.03|tgt=None,35,0.22857142857142856,-0.01474375687630619,-0.020018846040912208,-0.5160314906707166,0.26966720786485576,0.023817356408967268,-0.026169271923794618,0.06813856211930445,-0.05403053636733035,13.914285714285715,0.22857142857142856
all|both|vol_spike|add=None|tgt=None,14,0.21428571428571427,-0.041366099616979186,-0.048975828023693505,-0.5791253946377086,0.27306407474640876,0.07251365379680393,-0.07242421418437459,0.19266118260483692,-0.1387298334012932,52.57142857142857,0.0
all|ma20|vol_spike|add=None|tgt=None,24,0.3333333333333333,-0.0468666864356637,-0.037596017265753234,-1.1248004744559288,0.2248862737904977,0.04079275384129378,-0.09069640657414244,0.21912979741619812,-0.19860480778181142,51.958333333333336,0.0
strong|ma20|vol_spike|add=None|tgt=None,21,0.38095238095238093,-0.05724941374926411,-0.02844854969932791,-1.2022376887345463,0.08343577422617073,0.013680115034868441,-0.10089835453949952,0.03411936385413894,-0.19860480778181142,52.38095238095238,0.0
